ADJ|Degree=Cmp|Gender=Fem|Number=Plur
ADJ|Degree=Cmp|Number=Plur
ADJ|Degree=Cmp|Number=Sing
ADJ|Degree=Sup|Number=Sing
ADJ|Gender=Fem|Number=Plur
ADJ|Gender=Fem|Number=Sing
ADJ|Gender=Masc|Number=Plur
ADJ|Gender=Masc|Number=Sing
ADJ|Number=Plur
ADJ|Number=Sing
DET|Gender=Fem|Number=Plur
DET|Gender=Fem|Number=Sing
DET|Gender=Masc|Number=Plur
DET|Number=Plur
NOUN|Gender=Fem|Number=Plur
NOUN|Gender=Fem|Number=Sing
NOUN|Gender=Masc|Number=Plur
NOUN|Gender=Masc|Number=Sing
NOUN|Number=Plur
NOUN|Number=Sing
NUM|Gender=Fem|Number=Plur
NUM|Gender=Fem|Number=Sing
NUM|Gender=Masc|Number=Plur
NUM|Number=Plur
PRON|Gender=Fem|Number=Plur
PRON|Gender=Fem|Number=Sing
PRON|Gender=Masc|Number=Plur
PRON|Number=Plur
VERB|Gender=Fem|Number=Plur|Tense=Past|VerbForm=Part
VERB|Gender=Fem|Number=Sing|Tense=Past|VerbForm=Part
VERB|Gender=Masc|Number=Plur|Tense=Past|VerbForm=Part
VERB|Gender=Masc|Number=Sing|Tense=Past|VerbForm=Part
VERB|Mood=Cnd|Number=Plur|Person=1|VerbForm=Fin
VERB|Mood=Cnd|Number=Plur|Person=2|VerbForm=Fin
VERB|Mood=Cnd|Number=Plur|Person=3|VerbForm=Fin
VERB|Mood=Cnd|Number=Sing|Person=1|VerbForm=Fin
VERB|Mood=Cnd|Number=Sing|Person=2|VerbForm=Fin
VERB|Mood=Cnd|Number=Sing|Person=3|VerbForm=Fin
VERB|Mood=Imp|Number=Plur|Person=1|VerbForm=Fin
VERB|Mood=Imp|Number=Plur|Person=2|VerbForm=Fin
VERB|Mood=Imp|Number=Sing|Person=2|VerbForm=Fin
VERB|Mood=Ind|Number=Plur|Person=1|Tense=Fut|VerbForm=Fin
VERB|Mood=Ind|Number=Plur|Person=1|Tense=Imp|VerbForm=Fin
VERB|Mood=Ind|Number=Plur|Person=1|Tense=Past|VerbForm=Fin
VERB|Mood=Ind|Number=Plur|Person=1|Tense=Pres|VerbForm=Fin
VERB|Mood=Ind|Number=Plur|Person=2|Tense=Fut|VerbForm=Fin
VERB|Mood=Ind|Number=Plur|Person=2|Tense=Imp|VerbForm=Fin
VERB|Mood=Ind|Number=Plur|Person=2|Tense=Past|VerbForm=Fin
VERB|Mood=Ind|Number=Plur|Person=2|Tense=Pres|VerbForm=Fin
VERB|Mood=Ind|Number=Plur|Person=3|Tense=Fut|VerbForm=Fin
VERB|Mood=Ind|Number=Plur|Person=3|Tense=Imp|VerbForm=Fin
VERB|Mood=Ind|Number=Plur|Person=3|Tense=Past|VerbForm=Fin
VERB|Mood=Ind|Number=Plur|Person=3|Tense=Pres|VerbForm=Fin
VERB|Mood=Ind|Number=Sing|Person=1|Tense=Fut|VerbForm=Fin
VERB|Mood=Ind|Number=Sing|Person=1|Tense=Imp|VerbForm=Fin
VERB|Mood=Ind|Number=Sing|Person=1|Tense=Past|VerbForm=Fin
VERB|Mood=Ind|Number=Sing|Person=1|Tense=Pres|VerbForm=Fin
VERB|Mood=Ind|Number=Sing|Person=2|Tense=Fut|VerbForm=Fin
VERB|Mood=Ind|Number=Sing|Person=2|Tense=Imp|VerbForm=Fin
VERB|Mood=Ind|Number=Sing|Person=2|Tense=Past|VerbForm=Fin
VERB|Mood=Ind|Number=Sing|Person=2|Tense=Pres|VerbForm=Fin
VERB|Mood=Ind|Number=Sing|Person=3|Tense=Fut|VerbForm=Fin
VERB|Mood=Ind|Number=Sing|Person=3|Tense=Imp|VerbForm=Fin
VERB|Mood=Ind|Number=Sing|Person=3|Tense=Past|VerbForm=Fin
VERB|Mood=Ind|Number=Sing|Person=3|Tense=Pres|VerbForm=Fin
VERB|Mood=Sub|Number=Plur|Person=1|Tense=Imp|VerbForm=Fin
VERB|Mood=Sub|Number=Plur|Person=1|Tense=Pres|VerbForm=Fin
VERB|Mood=Sub|Number=Plur|Person=2|Tense=Imp|VerbForm=Fin
VERB|Mood=Sub|Number=Plur|Person=2|Tense=Pres|VerbForm=Fin
VERB|Mood=Sub|Number=Plur|Person=3|Tense=Imp|VerbForm=Fin
VERB|Mood=Sub|Number=Plur|Person=3|Tense=Pres|VerbForm=Fin
VERB|Mood=Sub|Number=Sing|Person=1|Tense=Imp|VerbForm=Fin
VERB|Mood=Sub|Number=Sing|Person=1|Tense=Pres|VerbForm=Fin
VERB|Mood=Sub|Number=Sing|Person=2|Tense=Imp|VerbForm=Fin
VERB|Mood=Sub|Number=Sing|Person=2|Tense=Pres|VerbForm=Fin
VERB|Mood=Sub|Number=Sing|Person=3|Tense=Imp|VerbForm=Fin
VERB|Mood=Sub|Number=Sing|Person=3|Tense=Pres|VerbForm=Fin
VERB|Tense=Pres|VerbForm=Part
VERB|VerbForm=Inf
