a	A1
abad	B2
abadía	C2
abajo	A1
abandonar	A2
abandono	B1
abanico	B2
abarcar	C1
abastecimiento	B2
abasto	C1
abc	B1
abdomen	B2
abdominal	B2
abeja	C1
abertura	C1
abierto	A1
abismo	B2
abogacía	C1
abogado	A1
abolición	B2
abonar	C2
abono	B2
abordaje	C2
abordar	B1
abortar	C1
aborto	A2
abrazar	B2
abrazo	A2
abrigo	B1
abril	A1
abrir	A1
absolución	C2
absolutamente	A2
absoluto	A2
absorber	B2
absorción	B2
abstención	B2
abstinencia	C2
abstracción	C2
abstracto	B2
absurdo	B1
abuela	A2
abuelo	A2
abundancia	B1
abundante	B1
aburrido	B1
aburrimiento	B2
abusar	B2
abuso	A2
acabado	B1
acabar	A2
academia	A2
académico	A2
acantilado	C2
acaso	A2
acatar	C2
acceder	A2
accesibilidad	B2
accesible	B1
acceso	A1
accidental	B2
accidentalmente	B2
accidente	A2
accionar	B2
accionista	C1
acción	A1
aceite	A2
aceleración	B2
acelerador	C2
acelerar	B2
acento	B1
aceptable	B1
aceptación	B1
aceptar	A1
acera	B2
acerca	A1
acercamiento	B1
acercar	B2
acero	A2
acidez	C2
acierto	B2
aclaración	B2
aclarado	C1
aclarar	B1
acoger	B2
acogida	B1
acomodar	C1
acompañamiento	B2
acompañante	B2
acompañar	B1
acondicionado	B1
aconsejar	C2
acontecimiento	B1
acordar	B1
acorde	B1
acoso	B1
acosta	B2
acostado	B2
acre	C2
acreditación	B2
acreditar	C1
acreedor	C2
acta	B1
actitud	A1
activación	B2
activamente	B1
activar	B2
actividad	A1
activismo	B2
activista	B1
activo	A2
acto	A1
actor	A2
actriz	A2
actuación	A2
actual	A1
actualidad	A2
actualización	A2
actualizar	B2
actualmente	A1
actuar	A2
acuario	B2
acudir	B1
acueducto	C1
acuerdo	A1
acumulación	B2
acumular	B2
acusación	B1
acusar	B2
acuático	C2
acuña	B2
acá	A1
acústico	C2
ad	B1
adaptación	B1
adaptar	B2
adecuación	C1
adecuadamente	B1
adecuado	A2
adelantar	B2
adelante	A1
adelanto	B2
adelgazar	C1
además	A1
adentro	A2
adhesión	B2
adicción	B1
adicional	A2
adicionalmente	B2
adición	B2
adicto	B2
adios	B2
adivinar	B2
adiós	A2
adjetivo	B2
adjudicación	B2
adjunto	B1
administración	A1
administrador	B1
administrar	B1
administrativo	B1
admirable	B2
admiración	B1
admirador	C2
admirar	B2
admisión	B1
admitir	B1
adn	B1
adobe	B2
adolescencia	B1
adolescente	B1
adonde	B1
adopción	B1
adoptando	C1
adoptar	B1
adorable	B2
adoración	B2
adorno	B2
adoro	B1
adquirir	B1
adquisición	B1
adquisitivo	B2
adrenalina	B2
aduana	B1
adulterio	C2
adulto	B1
adversario	B2
adversidad	C2
advertencia	B1
advertir	B2
adónde	C1
aerolínea	B2
aeronave	C1
aeronáutica	C2
aeropuerto	A1
afectación	C2
afectado	B1
afectar	B1
afecto	B1
afición	B1
afiliación	B2
afiliado	B2
afinidad	B2
afirmación	B1
afirmar	B1
afluencia	B2
aforo	C2
afortunadamente	B1
afortunado	B2
africano	B1
afro	C1
afrontar	B1
afuera	A1
afueras	B1
afán	B2
agarrado	C2
agarrar	B1
agarre	B2
agarro	B2
agencia	A2
agenda	A2
agente	A2
agilidad	C2
agitación	B2
agitado	C1
agonía	B2
agosto	A1
agotado	B2
agotamiento	C1
agradable	A2
agradecer	B1
agradecido	B1
agradecimiento	B1
agrado	B2
agrario	C1
agredir	C2
agregado	B1
agregar	B1
agresividad	B2
agresivo	B2
agresión	B1
agresor	B2
agricultor	C1
agricultura	A2
agro	B2
agrupación	B1
agrícola	B1
agua	A1
aguacate	B2
aguanta	B1
aguantar	B1
aguante	B1
agudo	B2
aguja	B2
agujero	B1
agüero	C1
ah	A1
ahogar	C2
ahora	A1
ahorita	B1
ahorrar	B1
ahorro	B1
ahí	A1
aire	A1
aislado	B1
aislamiento	B1
aislar	C1
aj	C2
ajedrez	B1
ajeno	B1
ajo	B2
ajustado	B2
ajustar	B2
ajuste	B1
ajá	C1
ala	A2
alabado	C2
alabama	C2
alabanza	C2
alambre	B2
alameda	B2
alargar	C2
alarma	B1
alarmante	C1
alba	B1
albañil	C2
albergar	B2
albergue	B2
alboroto	B2
alcalde	A1
alcaldesa	B2
alcaldía	B1
alcance	A2
alcantarillado	C1
alcanzar	A2
alcohol	A2
alcoholismo	C1
alcohólico	C2
alcázar	C1
aldea	A2
aleatorio	C2
alegar	C1
alegre	B1
alegremente	C2
alegría	A2
alejado	B1
alejamiento	C2
alejar	B2
alemán	A2
alentar	B2
alergia	B2
alerta	A2
aleta	C1
alfa	B1
alfabetización	C1
alfabeto	B2
alfombra	B1
alférez	C1
algo	A1
algodón	B1
algoritmo	B2
alguacil	C1
alguien	A1
alguno	A1
aliado	B1
alianza	A2
alias	B1
alicante	B1
aliento	B1
alimentación	A2
alimentar	B1
alimento	B1
alineación	B2
aliviar	B2
alivio	B1
allende	B1
allá	A1
allí	A1
alma	A1
almacenamiento	B1
almacenar	B2
almacén	B1
almirante	B1
almohada	B2
almorzar	B2
almuerzo	B1
alojado	C2
alojamiento	B1
alojar	C2
alquilar	B2
alquiler	B1
alrededor	A1
altamente	B1
altar	B1
altavoz	C2
alteración	B2
alterado	B2
alterar	B2
alternativa	A2
alternativamente	C2
alternativo	B1
alteza	B2
altiplano	C2
altitud	B2
alto	A1
altura	A1
altísimo	C1
alucinante	C1
alumbrado	B2
aluminio	B1
alumno	B1
alusión	B2
alv	C1
alza	B1
alzamiento	C2
alzar	C1
ama	A2
amabilidad	B2
amable	B1
amablemente	B2
amado	B1
amanecer	B1
amante	A2
amar	B1
amargo	B2
amargura	B2
amarilla	B1
amarillo	A2
amateur	B2
ambicioso	B2
ambición	B2
ambiental	A2
ambiente	A1
ambigüedad	C1
ambos	A1
ambulancia	B2
ambulante	C1
amenaza	A2
amenazar	B2
americano	A2
amigable	B2
amigo	A1
amistad	A2
amistoso	B2
amnesia	C2
amnistía	B2
amo	A1
amor	A1
amoroso	B2
amparo	B1
ampliación	B1
ampliamente	B1
ampliar	B1
amplio	A2
amplitud	B2
amén	B2
anal	B2
analfabetismo	C1
analista	B2
analizar	A2
analogía	B2
anarquismo	C2
anarquista	B2
anarquía	B2
anatomía	B2
ancestral	B2
ancho	A2
anchura	B2
anciano	B1
ancla	C2
andaluz	B2
andar	A2
andes	B1
andino	B2
anemia	C2
anestesia	B2
anexión	C1
anexo	B1
anfitrión	B2
angular	B2
angustia	B1
angélica	B2
anhelo	B2
anillo	B1
animación	B1
animal	A2
animar	B2
anime	B1
aniversario	A2
ano	B2
anoche	A2
anochecer	C1
anomalía	C1
anonimato	B2
anormal	B2
anotación	C1
anotado	C1
anotar	B2
ansia	C2
ansiedad	B1
ansioso	B2
antaño	B2
ante	A1
antecedente	B2
antecesor	C2
antelación	C1
antena	B1
anteojos	B2
anteproyecto	C1
anterior	A1
anterioridad	B2
anteriormente	A2
antes	A1
anticipación	B2
anticipado	C1
anticipo	C2
anticorrupción	B2
antiguamente	B2
antiguo	A1
antigüedad	B1
antivirus	C1
antojo	B2
antología	B2
antorcha	B2
antro	C1
antropología	B2
anual	A2
anualmente	B1
anuario	C2
anulación	B2
anular	B2
anunciar	B1
anuncio	A2
análisis	A1
anécdota	B2
anónimo	B1
apache	C1
apagado	B2
apagar	B1
apagón	B2
aparato	A2
aparcamiento	B2
aparecer	A2
aparentar	C1
aparente	B1
aparentemente	A2
aparición	A2
apariencia	B1
apartamento	B1
apartar	C2
aparte	A2
apasionado	B2
apatía	C2
apego	C1
apelación	B1
apelar	B2
apellido	A2
apenas	A1
apertura	A2
apetito	B2
api	C1
aplastante	C2
aplastar	C2
aplaudir	C1
aplauso	B2
aplicable	B1
aplicación	A1
aplicar	A2
aplique	B2
apocalipsis	B2
apoderado	C1
apodo	B2
apogeo	C1
apología	C1
aportación	B2
aportar	B1
aporte	B1
apostar	B2
apostólico	C2
apoyar	A2
apoyo	A1
apreciación	B2
apreciar	B1
aprecio	B1
aprender	A1
aprendiz	B2
aprendizaje	A2
apretado	C1
apretar	B2
aprobación	A2
aprobar	B1
apropiación	B2
apropiado	B1
aprovechar	A2
aproximación	B2
aproximadamente	A2
aproximado	B2
aptitud	C1
apto	B2
apuesta	B1
apuntado	B2
apuntar	B2
apunte	C1
apuro	B2
apéndice	C1
apóstol	B2
aquel	A1
aquél	B2
aquí	A1
ara	B2
aragonés	C1
araña	B1
arbitraje	B2
arbitrario	C2
arbusto	C2
arca	B2
arce	B2
archipiélago	B2
archivo	A2
arcilla	B2
arco	A2
arder	C1
ardiente	B2
arduo	C2
arena	A2
ares	C2
argentina	A1
argentino	A1
argumentación	C1
argumentar	C1
argumento	A2
arias	B1
aristocracia	C1
arma	A2
armada	A2
armado	A2
armadura	B2
armamento	B2
armando	B1
armar	B1
armario	B1
armenia	B1
armenio	C1
armonía	B1
armónica	C2
aro	B2
aroma	B2
arqueología	B2
arqueológico	B2
arquero	B2
arquitecto	B1
arquitectura	A2
arquitectónico	C1
arrancar	B1
arranque	B1
arrastrado	B2
arrastrar	B2
arrastre	C1
arrecife	C2
arreglar	A2
arreglo	B1
arrendamiento	C1
arrepentir	C1
arrestar	B2
arresto	B1
arriba	A1
arribo	C2
arriendo	C2
arriesgado	B2
arriesgar	B2
arrogancia	B2
arrogante	B2
arrojar	B2
arroyo	B1
arroz	A2
arruinado	C1
arruinar	B2
arsenal	B1
arte	A1
artefacto	C1
arteria	B2
arterial	B2
artes	A2
artesanal	B2
artesano	C2
artesanía	B2
articulación	B2
articular	B2
artificial	B1
artillería	B1
artista	A1
arturo	B1
artículo	A1
artístico	B1
arzobispo	B1
as	A2
asa	C1
asado	B2
asaltar	C2
asalto	B1
asamblea	A1
ascendencia	B2
ascendente	C1
ascender	B2
ascensión	C1
ascenso	B1
ascensor	B1
asco	A2
asedio	B2
asegurar	A2
asentado	C2
asentamiento	B2
aseo	B2
asesinar	B1
asesinato	A1
asesino	A2
asesor	B1
asfalto	B2
asfixia	C2
asiento	A2
asignación	B1
asignar	B2
asignatura	B2
asilo	B1
asimilación	C2
asimilar	C1
asimismo	A2
asistencia	A2
asistente	B1
asistir	A2
asiático	B1
asma	B2
asociación	A1
asociar	C2
asombro	B2
asombroso	B2
aspecto	A1
aspiración	B2
aspirante	B2
aspirar	B2
asqueroso	B2
asta	B2
astro	C1
astronauta	C2
astronomía	B2
asturiano	C2
astuto	C2
asumir	A2
asunción	B1
asunto	A1
asustado	B2
asustar	B2
así	A1
atacante	B2
atacar	A2
atado	B2
ataque	A1
atar	C2
atardecer	B2
ataúd	B2
atención	A1
atender	A2
ateneo	C1
atentado	B1
atentamente	B2
atento	B1
ateo	C1
aterrador	C1
aterrizaje	B2
aterrizar	B2
atlas	B2
atleta	B2
atletismo	B2
atlántico	B1
atlético	B1
atmósfera	B1
atracción	B1
atraco	C2
atractivo	B1
atraer	B1
atrapada	B2
atrapado	B2
atrapar	B2
atrasado	C1
atraso	C1
atravesar	B2
atrevido	B2
atribución	B2
atribuir	C2
atropellado	C2
atropello	C1
atroz	B2
atrás	A1
atuendo	C1
atún	B2
audacia	C2
audaz	B2
audición	B2
audiencia	A2
audiovisual	B2
auditorio	B2
auditoría	B2
auge	B1
aula	B1
aumentar	A2
aumento	A1
aun	A1
aunque	A1
aura	B2
aurora	B2
ausencia	A2
ausente	B1
austeridad	B2
austral	B2
australiano	B2
autenticidad	B2
autismo	B2
auto	A1
autobiografía	C2
autobús	A2
autocrítica	C2
autodeterminación	B2
autoestima	B1
automatización	C2
automáticamente	B1
automático	B1
automóvil	B1
autonomía	A2
autopista	B1
autopsia	C1
autor	A1
autora	B1
autoridad	A1
autoritario	B2
autoritarismo	C1
autorización	A2
autorizar	C1
autoría	B2
auténtico	B1
autónomo	B1
auxiliar	B1
auxilio	B1
aval	B2
avalancha	C1
avance	A2
avanzado	B1
avanzar	B1
avaricia	C1
avatar	B2
ave	B1
avellaneda	B2
avenida	A2
aventura	A2
aventurero	C2
averiguar	B1
aviación	B2
avilés	C2
avisar	B1
aviso	A2
avión	A2
ay	A1
ayer	A1
ayuda	A1
ayudante	B1
ayudar	A1
ayuno	B2
ayuntamiento	A2
azar	B1
azotea	C1
azteca	B1
azufre	B2
azul	A1
azúcar	A2
aéreo	B1
añadido	B1
añadir	B1
año	A1
aún	A1
b	A1
baba	B2
bachiller	B2
bachillerato	B1
bacteria	C1
bah	B2
bahía	B1
bailar	A2
bailarina	B2
bailarín	B2
baile	A2
bajada	B2
bajar	A2
bajista	C2
bajo	A1
bajón	B2
bala	B1
balance	B1
balanza	B2
balazo	C2
balcón	B1
balde	C1
ballena	B2
ballet	B2
balneario	C1
baloncesto	B1
balsa	C2
balón	B1
bambú	C1
banana	B2
banca	B1
bancada	C1
bancario	B2
bancarrota	B2
banco	A1
banda	A1
bandeja	B2
bandera	A2
bandido	C2
bando	B1
banquero	C1
banquete	B2
bar	A2
barata	B1
barato	B1
barba	B1
barbacoa	C1
barbaridad	C1
barbarie	B2
barca	B2
barco	A2
bardo	B2
barra	A2
barranco	B2
barrera	B1
barriga	B2
barril	B2
barrio	A1
barro	B1
barroco	B2
barón	B2
base	A1
bastante	A1
bastardo	C2
bastión	C2
bastón	B2
basura	A1
basurero	C1
basílica	C1
bata	B2
batalla	A1
batallón	B1
bate	B2
batería	A2
batir	C1
batista	C1
bautismo	B2
bautista	B1
bañera	B2
baño	A1
baúl	C2
be	B1
bebe	A2
beber	A2
bebida	B1
bebo	C1
bebé	A2
beca	B1
becario	C2
belga	B2
belleza	A1
bello	A2
belén	B2
bendición	B1
bendito	B2
beneficencia	C1
beneficiar	B2
beneficiario	B2
beneficio	A2
bengala	C1
benigno	C2
berta	C2
besar	B2
beso	A2
bestia	B1
beta	B1
bi	B2
bibliografía	B1
biblioteca	A2
bicentenario	B2
bicho	B2
bici	B1
bicicleta	A2
bien	A1
bienal	C1
bienestar	A2
bienvenida	A2
bienvenido	A2
bigote	B2
bikini	C1
bilateral	B2
bilingüe	B2
billete	B1
billetera	B2
biodiversidad	B2
biografía	B1
biología	B1
biológico	B2
bipolar	C2
bis	B2
bisexual	C2
bitácora	C2
bizarro	C2
blanco	A1
blando	B2
blanqueo	C1
blog	A1
bloque	B1
bloquear	B1
bloqueo	B1
blusa	B2
bob	B1
bobo	B2
boca	A1
bocado	C2
bocina	C2
boda	A2
bodega	B2
boicot	B2
bol	B2
bola	A2
boleta	C1
boleto	B1
boletín	B1
boliche	B2
boliviano	B1
bolos	C2
bolsa	A2
bolsillo	A2
bolso	B1
boludo	B1
bolívar	A2
bomba	A2
bombardeo	B2
bombero	C2
bombilla	C2
bombo	C1
bonaerense	B2
bonanza	C2
bondad	B2
bonilla	C1
bonito	A2
bono	B1
borda	B2
bordado	C2
borde	A2
bordo	B1
borra	B2
borracha	C1
borracho	B1
borrado	B2
borrador	B1
borrar	B1
bosnia	B2
bosque	A2
bota	B2
bote	B1
botella	A2
botánico	C1
botín	B2
botón	B1
boulevard	C1
box	B2
boxeador	B2
boxeo	B1
brasil	A1
brasilero	C2
brasileño	B1
bravo	A2
brazo	A2
brecha	B1
breve	A2
brevedad	C1
brevemente	B1
bridge	C1
brigada	B1
brillante	A2
brillar	B2
brillo	B1
brindar	B1
brindis	C2
brisa	B2
británico	A2
broche	C2
broma	A2
bronca	B1
bronce	B1
brote	B2
bruce	B1
bruja	B1
brujería	C1
brujo	C1
bruselas	B1
brutal	B1
brutalidad	C1
brutalmente	C1
bruto	B1
brújula	C2
bu	C1
buceo	C2
bucle	C2
buda	B2
budismo	C1
budista	B2
buena	A1
buenas	A1
bueno	A1
buey	C1
bufanda	C2
buitre	C2
bula	C2
bulto	B2
buque	B1
burbuja	B2
burguesía	B2
burgués	C1
burla	B1
burocracia	B2
burro	B1
bus	B1
buscador	B2
buscar	A1
buscarla	B2
busto	B2
buzón	C2
bárbaro	B2
básicamente	A2
básico	A2
béisbol	B1
bélico	C2
bíblico	C2
bóveda	B2
búlgaro	C1
búsqueda	A1
c	A1
cabal	C2
caballero	A2
caballería	B1
caballito	C2
caballo	A2
cabaña	B2
cabecera	B1
cabello	A2
cabeza	A1
cabida	B2
cabildo	B1
cabina	B1
cable	A2
cabo	A1
cabra	B2
cabrón	B1
caca	B2
cacao	B2
cacería	B2
cacho	B2
cachorro	B2
caché	C2
cacique	B2
cactus	C2
cada	A1
cadena	A1
cadera	B2
cadete	C1
caducidad	C2
cadáver	B1
caer	A1
cafetera	C2
cafetería	B2
café	A1
cagada	B2
cagado	B2
cagar	B1
caja	A1
cajero	B2
cajita	C1
cajón	B1
cal	B1
calabaza	B2
calabozo	C2
calado	C1
calavera	C2
calcio	B2
calculadora	C1
calcular	B1
caldera	B2
calderón	B1
caldo	B2
calefacción	B2
calendario	B1
calentamiento	B2
calentar	B2
caleta	C1
calibre	B1
calidad	A1
caliente	A2
calificación	B1
calificar	B2
caliza	C1
callado	B1
callao	B2
callar	B1
calle	A1
callejón	B2
callo	C2
calma	A2
calmado	C1
calmar	B2
calor	A1
calumnia	C2
caluroso	C1
calvario	B2
calvo	B1
calzada	B2
calzado	B2
cama	A1
camarada	B1
camarero	B2
camarón	C2
cambiar	A1
cambio	A1
camello	C2
camilla	C2
caminar	A2
caminata	B2
camino	A1
camioneta	B1
camisa	B1
camiseta	A2
camión	B1
campamento	B1
campana	B1
campaña	A1
campeche	B2
campeonato	A2
campera	C2
campesino	B2
campeón	A2
campo	A1
campus	B1
can	B1
cana	C1
canadiense	B1
canadá	A2
canal	A1
canalizar	C2
canalla	C2
canario	B2
canas	C2
canasta	B2
cancela	C1
cancelación	B2
cancelar	B1
cancha	B1
canciller	B1
cancillería	B2
canción	A1
candado	C1
candela	C2
candelaria	C1
candidato	A1
candidatura	B1
canela	B2
cangrejo	C1
cannabis	B2
cano	B2
canon	B2
cansado	A2
cansancio	B1
cantante	A2
cantar	A2
cante	B2
cantera	B2
cantidad	A1
cantina	C2
canto	A2
cantor	C2
cantos	B2
cantón	B2
cao	C2
caos	B1
capa	A2
capacidad	A1
capacitación	B1
capacitar	C2
capaz	A1
capilla	B1
capital	A1
capitalismo	B1
capitalista	B1
capitana	C1
capitolio	C1
capitán	A1
capo	B2
capricho	B2
captar	B1
captura	B1
capturar	B1
capucha	C2
capítulo	A2
cara	A1
caracol	B2
caracoles	C1
característica	B1
característico	B2
carajo	A2
caramelo	B2
caravana	B2
caray	C2
carbono	B1
carbón	B1
cardenal	B1
cardíaco	B2
carencia	B2
carente	C2
careta	C2
carga	A1
cargador	B2
cargamento	C1
cargar	B1
cargo	A1
caribe	A2
caricatura	B2
caridad	B1
carisma	B2
carita	C2
cariño	A2
cariñoso	C1
carlota	C2
carnal	C1
carnaval	B1
carne	A1
carnicero	C1
carnicería	C1
caro	A2
carolina	B1
caroline	C1
carpa	B2
carpeta	B2
carpintero	B2
carpintería	C2
carrera	A1
carretera	A2
carril	B2
carrito	B2
carro	A2
carta	A1
cartel	A2
cartera	B1
cartografía	C1
cartucho	C1
cartón	B1
carácter	A1
casa	A1
casado	A2
casamiento	B2
casar	B1
cascada	B2
casco	B1
casero	B2
caserío	C2
caseta	C2
cash	B2
casi	A1
casilla	B2
casino	B1
casita	B2
caso	A1
casta	B2
castaño	B2
castellano	A2
castellanos	B2
castigado	B2
castigar	B2
castigo	A2
castilla	A2
castillo	A2
casting	B2
castro	A2
casual	B1
casualidad	A2
cata	C1
catalizador	C2
catalán	A2
catedral	B1
catedrático	B2
categoría	A2
catolicismo	B2
catorce	B1
catálogo	B1
catástrofe	B2
católico	B1
cauce	B2
caucho	B2
caudal	B1
caudillo	B2
causa	A1
causal	C2
causante	C1
causar	B1
cautela	C1
cautiverio	B2
cautivo	C2
cava	C2
caverna	C2
cavidad	B2
cayetano	C2
cayo	B1
caza	A2
cazador	B2
cazar	B2
caí	B2
caída	A2
caña	B1
cañada	C2
cañete	C2
caño	B2
cañón	B1
cd	B1
cdmx	B1
ce	B1
cebolla	B1
ceder	B1
ceguera	C1
ceja	C1
celda	B1
celebración	A2
celebrar	A2
celebridad	B2
celeste	B1
celestial	B2
celia	B2
celo	B2
celoso	B2
celta	B2
celular	A2
cementerio	B1
cemento	B1
cena	A2
cenar	B1
cenicienta	C2
ceniza	B2
censo	B1
censura	B1
censurar	C1
centavo	B2
centenar	B2
centenario	B1
centeno	C2
central	A1
centralizado	C2
centrar	C2
centro	A1
centroamericano	C2
centímetro	C2
cepa	C1
cepeda	C1
cepillo	B2
cera	B2
cerca	A1
cercano	A2
cercanía	B2
cerda	B2
cerdo	B1
cereal	B2
cerebral	B1
cerebro	A2
ceremonia	A2
ceremonial	C2
cero	A2
cerradura	C1
cerrar	A2
cerro	A2
certamen	B2
certeza	B1
certificación	B1
cerveza	A2
cerámica	B2
cesar	B1
cese	B1
cesión	B2
cesta	B2
ch	B2
chaleco	B2
chantaje	B2
chao	B2
chapa	B2
chaqueta	B1
charco	C1
charla	A2
charlar	B2
charles	A2
chasis	C2
chat	B1
chatarra	B2
chau	B2
chaval	B2
chavismo	B2
chavista	B2
chavo	C1
che	A2
checa	B1
checo	C1
chef	B1
cheque	B2
chequeo	C2
chic	C2
chica	A1
chicha	C1
chicle	B2
chico	A1
chido	C2
chihuahua	B1
chile	A1
chileno	A2
chimenea	B2
china	A1
chinga	C2
chingada	B2
chingar	C2
chingo	B2
chino	A2
chip	B1
chiquita	B2
chiquito	B2
chisme	C2
chispa	B2
chiste	A2
chistoso	B2
chivo	B2
cho	B2
chocar	B2
chocolate	A2
chofer	B1
choque	B1
chorizo	C1
chorro	B2
chota	B2
choto	C2
chucha	C2
chulo	C1
chupa	B1
chupar	B2
ci	B2
cianuro	C2
cicatriz	B2
ciclismo	B2
ciclista	B2
ciclo	A2
ciclón	B2
ciegamente	C2
ciego	B1
cielo	A1
cien	A2
ciencia	A1
ciento	A1
científicamente	C1
científico	A2
cierre	A2
cierro	C1
ciertamente	A2
cierto	A1
ciervo	C2
cifra	A2
cifrado	C1
cigarrillo	B2
cigarro	B2
cilindro	B2
cima	B1
cinco	A1
cincuenta	B1
cine	A1
cineasta	B2
cinematográfico	C1
cinismo	B2
cinta	A2
cintura	B1
cinturón	B1
circo	B1
circuito	B1
circulación	A2
circular	B1
circunscripción	B2
circunstancia	B1
cirugía	A2
cirujano	B1
cis	C2
cisco	C2
cisne	C2
cita	A1
citación	C1
citar	B1
ciudad	A1
ciudadano	A2
ciudadanía	A2
ciudadela	C1
civil	A1
civilización	B1
civilizado	B2
clamor	C1
clan	B1
clandestinidad	C2
clandestino	C1
claramente	A2
claridad	B1
claro	A1
clarín	B2
clase	A1
clasificación	A2
clasificar	B2
claustro	B2
clausura	B1
clavado	C1
clavar	C2
clave	A1
clavo	B2
clemencia	C2
clemente	B2
clero	B2
clic	B1
cliché	C2
cliente	A2
clientela	C1
clima	A2
climático	B1
clip	B2
clon	B2
cloro	B2
closet	C1
club	A1
clásico	A2
cláusula	B2
clérigo	B2
clínica	B1
clínico	B2
coalición	A2
cobarde	B1
cobardía	B2
cobrar	B1
cobre	B1
cobro	B1
coca	A2
cocaína	B1
cocción	C2
coche	A1
cocina	A1
cocinar	B1
cocinero	B2
coco	B1
cocodrilo	C1
codicia	B2
codificación	C1
codo	B2
coeficiente	B2
cofradía	B2
cofre	C2
coger	A2
cognitivo	C2
coherencia	B2
coherente	B2
cohesión	B2
cohete	B2
coincidencia	B1
coincidir	B2
coja	C1
cojo	B2
cojones	B1
col	B1
cola	A2
colaboración	A2
colaborador	B1
colaborar	B1
colación	C2
colapso	B1
colchón	B2
cole	B1
coleccionista	C2
colección	A2
colectivamente	C2
colectividad	C2
colectivo	A2
colega	B1
colegio	A1
colesterol	C1
colgar	B2
colina	B1
colisión	B2
collado	C2
collar	B1
colmo	B2
colo	B2
colocación	B2
colocar	B1
colombiano	A2
colon	B2
colonia	A2
colonial	B1
colonialismo	C2
colonización	B2
coloquial	C2
coloquio	C2
color	A1
colorado	B1
colorido	B2
columna	A2
columnista	C1
colón	B1
coma	B1
comandante	A2
comarca	B1
combate	A2
combatiente	C2
combatir	A2
combinación	A2
combinado	B2
combinar	B2
combo	B2
combustible	A2
combustión	B2
comedia	B1
comediante	B2
comedor	B1
comentar	B1
comentario	A1
comentarista	B2
comenzar	A2
comer	A1
comercial	A1
comercialización	B1
comerciante	B2
comercio	A1
cometer	B1
comic	B2
comida	A1
comienzo	A2
comisario	B1
comisaría	B1
comisionado	B1
comisión	A1
comitiva	C1
comité	A1
como	A1
comodidad	B1
comodoro	B2
compacto	C1
compadre	B2
comparable	B2
comparación	A2
comparar	B1
comparecer	C2
compartido	B1
compartir	A1
compasión	B1
compatibilidad	C1
compatible	B2
compatriota	B2
compañero	A1
compañía	A1
compendio	C2
compensación	B1
compensar	B2
competencia	A1
competente	B1
competición	B1
competidor	C1
competir	B1
competitividad	B2
compilación	B2
complacer	B2
complejidad	B1
complejo	A2
complementar	C1
complemento	B1
completamente	A1
completar	B1
completo	A1
complicación	C2
complicado	A2
complicidad	B2
complot	B2
complutense	C1
componente	B1
componer	B2
comportamiento	A2
composición	A2
compositor	B2
compra	A1
comprador	B1
comprar	A1
comprender	A2
comprensible	B2
comprensivo	C2
comprensión	B1
compresión	B2
comprimido	C2
comprobación	C1
comprobar	B1
comprometer	B2
comprometido	B1
compromiso	A2
computación	B1
computador	B2
computadora	A2
compás	B2
comunicación	A1
comunicado	A2
comunicador	C2
comunicar	B1
comunidad	A1
comunismo	B1
comunista	A2
comunitario	B1
comunión	B2
común	A1
comúnmente	B1
con	A1
concebir	C1
conceder	B2
concejal	B1
concejo	B1
concentración	A2
concentrado	B2
concentrar	C1
concepción	A2
concepto	A1
conceptual	B2
concertación	C1
concesión	B1
concha	A2
conciencia	A1
concierto	A2
conciliación	B2
conciliar	C1
concilio	B2
concluir	B1
conclusión	A2
concordancia	C2
concordia	B2
concretar	B2
concreto	A2
concurrencia	B2
concurso	A2
condado	B1
conde	A2
condena	A2
condenar	B2
condesa	B2
condicional	B2
condición	A2
conducción	B1
conducir	A2
conducta	A2
conducto	B2
conductor	A2
condón	C1
conectar	B1
conectividad	B2
conejo	B1
conexión	A2
confección	B2
confederación	B1
conferencia	A2
confesar	B2
confesión	B1
confiado	B2
confianza	A1
confiar	A2
confidencial	B2
confidencialidad	C1
configuración	B1
configurar	C1
confirmación	B1
confirmar	B1
conflicto	A1
confluencia	B2
conformar	B2
conforme	A2
conformidad	B1
confort	B2
confrontación	B2
confundido	B2
confundir	B1
confusión	B1
confuso	B2
congelado	C1
congelar	C2
congestión	C2
conglomerado	C1
congregación	B2
congresista	B2
congreso	A1
conjunción	C2
conjuntamente	B1
conjunto	A1
conmemoración	B2
conmemorar	B2
conmemorativo	C2
conmigo	A1
conmoción	B2
conmovedor	C1
connotación	C2
cono	B1
conocedor	C2
conocer	A1
conocimiento	A1
conque	C2
conquista	B1
conquistador	C1
conquistar	B1
consagración	C2
consciente	A2
consecución	C1
consecuencia	A1
consecuente	B2
consecuentemente	C1
consecutivo	B2
conseguir	A1
consejero	B1
consejo	A1
consenso	B1
consentimiento	B1
consentir	C2
conservación	A2
conservador	B1
conservar	B1
conservatorio	C1
considerable	B1
consideración	B1
considerar	A2
consigna	B2
consigo	A2
consiguiente	B1
consistencia	B2
consistente	B1
consolidar	B2
consonancia	C2
consorcio	B2
conspiración	B1
constancia	B1
constante	A2
constatar	C1
constitucional	A2
constitución	A1
constituir	B2
constituyente	B1
construcción	A1
constructivo	C1
constructor	C1
construir	A1
consuelo	B1
consulado	B1
consulta	A2
consultar	B1
consultor	B2
consumidor	B1
consumir	B1
consumo	A1
contabilidad	B1
contable	B2
contactar	B1
contacto	A1
contador	B1
contagio	B2
contaminación	B1
contaminado	C2
contar	A1
contemplar	B2
contemporáneo	B1
contencioso	C1
contenedor	B2
contener	B1
contenido	A1
contento	A2
conteo	B2
contestación	C2
contestar	B1
contexto	A1
contienda	B2
continental	B1
continente	A2
contingencia	C1
contingente	B2
continuación	A1
continuamente	B1
continuar	A2
continuidad	B1
continuo	B1
contorno	C1
contra	A1
contrabando	B2
contracción	C1
contractual	C2
contradicción	B2
contradictorio	C1
contraer	B2
contraposición	C2
contrario	A1
contrarrestar	B2
contraseña	B1
contraste	B1
contratación	B1
contratar	B1
contratista	B2
contrato	A1
contribución	B1
contribuir	B1
contribuyente	B2
control	A1
controlador	C1
controlar	A2
controversia	B1
contundente	B2
convencer	B1
convencido	B1
convencional	B1
convención	B1
conveniencia	B2
conveniente	B1
convenio	B1
convento	B1
convergencia	B2
conversación	A2
conversar	B1
conversión	B1
convertir	B1
convicción	B1
convincente	B2
convivencia	B1
convivir	B2
convocar	B1
convocatoria	B1
convoy	B2
cooperación	A2
cooperar	B2
cooperativa	B1
cooperativo	C2
coordinación	A2
coordinador	B1
coordinar	B2
copa	A1
copado	C2
copia	A2
copiar	B1
coraje	B1
coral	B2
corazón	A1
corbata	B2
cordero	B1
cordial	B2
cordillera	B1
cordobés	C1
cordura	B2
cordón	B2
corea	A2
coreano	B2
coreografía	C1
coro	B1
corona	A2
coronación	C1
coronel	A2
corporación	B1
corporal	B1
corpus	B2
corral	B2
corrales	C2
correa	B1
corrección	B1
correctamente	B1
correcto	A1
corrector	C2
corredor	B1
corregir	B1
correlación	B2
correo	A1
correr	A2
correspondencia	B1
corresponder	C2
correspondiente	A2
corrida	B2
corriente	A2
corrientes	A2
corro	B2
corrupción	A1
corrupto	B1
cortado	B1
cortar	A2
corte	A1
cortejo	C1
corten	C2
cortes	A2
cortesía	B1
corteza	B2
cortina	B2
corto	A1
cortometraje	B2
corán	C1
cosa	A1
cosecha	B1
cosechar	C2
coser	C1
cosita	C1
cosmopolita	C2
cosmos	B2
coso	C2
cosplay	C2
cosquillas	C1
costa	A1
costado	B1
costar	B2
costarricense	B2
costear	C2
costilla	C2
costo	A2
costoso	B2
costumbre	A2
costura	C1
cota	C1
cotidiano	B2
cotización	B2
coto	C1
coña	C1
coño	A2
creación	A1
creador	B1
crear	A1
creatividad	B1
crecer	A2
creces	B2
creciente	A2
crecimiento	A1
credibilidad	B1
credo	C2
creencia	B1
creer	A1
crema	B1
crepúsculo	C2
crespo	B2
cresta	B2
creyente	B2
creíble	B2
creído	B2
criado	B2
crianza	B2
criar	B2
criatura	B1
crimen	A2
criminal	A2
criminalidad	C1
criollo	B2
crisis	A1
cristal	B1
cristianismo	B1
cristiano	A2
criterio	A2
criticar	B1
croata	B2
cronista	B2
cronología	B2
cruce	B1
crucero	B1
cruces	B2
crucificado	C2
crudo	B1
cruel	B1
crueldad	B1
cruz	A1
cruzada	B2
cruzar	B1
cráneo	B1
cráter	C2
crédito	A1
cría	B2
crítica	A1
crítico	A2
crónica	B1
crónico	C2
cu	B2
cuaderno	B2
cuadra	B1
cuadrado	B1
cuadrilla	C2
cuadro	A2
cual	A1
cualidad	B2
cualquiera	A1
cuando	A1
cuanto	A1
cuarenta	B1
cuarentena	B2
cuaresma	C1
cuartel	B1
cuarteto	B2
cuarto	A1
cuartos	B1
cuarzo	C2
cuatro	A1
cuatrocientos	C1
cuba	A1
cubano	B1
cubo	B2
cubrir	A2
cucaracha	C2
cuchilla	C2
cuchillo	B1
cuello	A2
cuenca	B1
cuerda	B1
cuerno	B2
cuero	B1
cuerpo	A1
cuervo	B2
cuestionable	C2
cuestionar	B2
cuestionario	B2
cuestión	A1
cueva	B1
cuevas	B1
cuidado	A1
cuidadosamente	B1
cuidadoso	C1
cuidar	A2
cuido	C2
culata	C2
culero	C2
culminación	C1
culo	A1
culpa	A1
culpabilidad	B2
culpable	A2
culpar	B1
cultivar	B2
cultivo	A2
culto	A2
cultura	A1
cultural	A1
culturalmente	C1
cumbia	B2
cumbre	A2
cumpleaños	A2
cumplimiento	A2
cumplir	A1
cuna	B1
cuota	B1
cura	A2
curación	B2
curado	C1
curar	B1
curiosamente	B1
curiosidad	A2
curioso	A2
curro	C1
curry	C1
currículo	C2
currículum	B2
cursi	C2
curso	A1
curva	B1
custodia	B1
cuyo	A1
cuál	A1
cuán	B1
cuándo	A1
cuántas	A2
cuánto	A1
cuñado	B2
cv	B1
cádiz	B1
cálculo	B1
cálido	B2
cáliz	C2
cállate	B2
cámara	A1
cáncer	A2
cápsula	B2
cárcel	A1
cárdenas	B1
cártel	C1
cáscara	C1
cátedra	B1
cédula	B2
célebre	B1
célula	B2
césped	B2
cínico	B2
círculo	A2
cívico	B2
cóctel	C2
código	A1
cólera	B2
cómic	B2
cómico	B2
cómo	A1
cómodamente	C2
cómodo	B1
cómplice	B1
cómputo	C1
cóndor	C2
cónsul	B2
cónyuge	C1
cúmulo	C2
cúpula	B1
d	A1
dale	A2
dama	A2
damasco	B2
dana	B2
danza	B1
danés	B2
dar	A1
dato	A2
dañar	B2
daño	A1
de	A1
debajo	A1
debate	A1
debatir	B1
deber	A2
deberes	B1
debidamente	B2
debilidad	B1
debilitar	C2
decadencia	B2
decano	B2
decencia	B2
decente	B1
decepcionado	B2
decepcionante	C1
decepción	B1
decidir	A2
decir	A1
decisivo	B2
decisión	A1
declaración	A1
declarar	B1
declive	B2
decoración	B1
decorado	B2
decorar	C2
decreto	A2
dedicación	B1
dedicar	B1
dedo	A2
deducción	C2
deducir	B2
defecto	B1
defender	A2
defensa	A1
defensivo	C1
defensor	B1
deficiencia	B2
deficiente	B2
definición	A2
definido	B1
definir	B1
definitivamente	A2
definitivo	B1
deforestación	C2
deformación	C2
defunción	C2
degradación	B2
deidad	C2
dejar	A1
del	A1
delante	A1
delantera	B2
delantero	B1
delegación	B1
delegado	B1
deleite	C2
delfín	B2
delgado	B1
deliberadamente	B2
delicadeza	C1
delicado	B1
delicioso	B1
delincuencia	B1
delincuente	B1
delirio	B2
delito	A2
delta	B1
demanda	A1
demandado	B2
demandante	B2
demandar	B2
demarcación	C1
demasiado	A1
demencia	B2
demente	C1
democracia	A1
democratización	C1
democráticamente	C1
democrático	A2
demolición	B2
demonio	B1
demora	B1
demostración	B1
demostrar	A2
demás	A1
demócrata	B1
dengue	C2
denominación	B1
denominador	C2
denominar	C2
densidad	B1
denso	B2
dental	B2
dentista	B2
dentro	A1
denuncia	A2
denunciar	B1
departamental	B2
departamento	A1
dependencia	B1
depender	B1
dependiente	B1
deplorable	C2
deporte	A2
deportista	B2
deportivo	A2
depositar	B2
depredador	C2
depresión	A2
deprimente	B2
deprimido	B2
deprisa	C2
depósito	B1
derecha	A1
derecho	A1
derivar	C1
derogación	C1
derramar	C2
derrame	B2
derribar	B2
derrocar	B2
derroche	C2
derrota	A2
derrotar	B2
derrumbe	C1
des	A2
desactivar	B2
desacuerdo	B1
desafiar	C1
desafortunadamente	B1
desafortunado	C1
desafío	B1
desagradable	B1
desagüe	C1
desalojar	C2
desalojo	B2
desaparecer	A2
desaparición	B1
desarme	C1
desarrollador	B2
desarrollar	A2
desarrollo	A1
desastre	A2
desayunar	B2
desayuno	A2
desbloquear	C2
descansar	B1
descanso	A2
descarado	C2
descarga	A2
descargar	B1
descargo	C2
descaro	C1
descartar	B2
descendencia	B2
descender	B2
descendiente	B2
descenso	B1
descifrar	B2
descomposición	B2
desconectado	C2
desconectar	C1
desconfianza	B1
desconocer	C1
desconocido	A2
desconocimiento	B2
descontento	B2
describir	B1
descripción	A2
descubrimiento	B1
descubrir	A2
descuento	B1
descuidado	C1
descuido	B2
desde	A1
deseable	B2
deseado	B1
desear	B1
desembocadura	C2
desempeñar	B2
desempeño	B1
desempleo	B1
desenlace	B2
deseo	A1
desequilibrio	C1
deserción	C2
desesperación	B1
desesperadamente	B2
desestabilizar	C2
desfavorable	C2
desfile	B1
desgracia	A2
desgraciadamente	B1
desgraciado	B2
deshacer	B2
desierto	A2
designación	B1
designar	B2
desigual	B2
desigualdad	B1
desilusión	C1
desinformación	B2
desintegración	C2
desmadre	C1
desmontar	C2
desnudo	B1
desnutrición	B2
desobediencia	B2
desorden	B1
despacho	B1
despacio	B1
despacito	C1
despedida	B1
despedir	B2
despegar	B2
despegue	B2
despejado	B2
despejar	C1
despensa	C2
desperdiciar	C2
desperdicio	B2
despertar	B1
despido	B1
despierto	B1
desplazamiento	B1
desplazar	C2
desplegar	C1
despliegue	B2
despreciable	B2
desprecio	B1
después	A1
destacamento	C1
destacar	A2
destinar	C2
destinatario	C2
destino	A1
destreza	B2
destrozado	B2
destrozar	C2
destrucción	A2
destructor	C2
destruir	A2
desventaja	B2
desviación	C1
desviar	B2
desvío	B2
detallado	B2
detalle	A2
detección	B2
detectar	B1
detective	B2
detector	C1
detención	B1
detener	A2
deterioro	B1
determinación	B1
determinado	A2
determinante	B2
determinar	A2
detrimento	B2
detrás	A1
deuda	A2
deudor	C2
devaluación	B2
devenir	C2
devoción	B2
devolución	B2
devolver	B1
devoto	C1
df	B1
diabetes	B2
diablo	A2
diagnóstico	B1
diagonal	B2
diagrama	B2
dialecto	B2
dialogar	B2
diamante	B2
diana	B1
diariamente	B1
diario	A1
diarrea	B2
dibujante	B2
dibujar	B1
dibujo	A2
diccionario	B1
dicho	A1
diciembre	A1
dictador	B1
dictadura	A2
dictamen	B2
dictar	C1
dictatorial	C1
didáctico	C2
diecinueve	C1
dieciocho	B2
diecisiete	B2
dieciséis	B2
diente	B2
diesel	B2
dieta	A2
diez	A1
difamación	C2
diferencia	A1
diferenciación	C1
diferencial	B2
diferenciar	B2
diferente	A1
dificultad	B1
difundir	B1
difunto	B2
difusión	A2
difícil	A1
difícilmente	B2
digestivo	C2
digital	A1
dignidad	A2
digno	B1
dilema	B2
diligencia	B2
dimensión	B1
dimisión	B2
dimitir	C1
dina	C2
dinamismo	C1
dinastía	B2
dinero	A1
dinosaurio	B2
dinámico	B2
dios	A1
diosa	B1
diploma	B2
diplomacia	B2
diplomático	B1
diputación	B1
diputado	A2
dique	C1
dirección	A1
directamente	A1
directiva	B1
directivo	B2
directo	A1
director	A1
directora	A2
directorio	B1
dirigente	B1
dirigir	B1
discapacidad	B1
disciplina	B1
disco	A2
discordia	C2
discoteca	B2
discreción	B2
discrepancia	C1
discreto	B2
discriminación	B1
discriminar	C2
disculpa	B1
disculpe	B2
discurso	A1
discusión	A2
discutible	C2
discutir	A2
discípulo	B2
diseñador	B1
diseñar	B2
diseño	A1
disfraz	B2
disfrutar	A2
disfrute	B1
disgusto	B2
disidencia	C2
disimular	B2
disminución	B1
disminuido	B2
disminuir	B1
disolución	B2
disolver	C1
disparar	B1
disparate	C2
disparo	B1
disponer	B1
disponibilidad	B1
disponible	A2
disposición	A2
dispositivo	B1
dispuesto	A2
disputa	B1
disputar	C1
distancia	A1
distante	B2
distinción	B1
distinguir	B1
distintivo	B2
distinto	A2
distorsión	C1
distracción	B2
distraer	C1
distribución	A1
distribuidor	B2
distribuir	B2
distrito	A1
diva	C2
diversidad	A2
diversión	B1
diverso	B2
divertido	A2
dividir	B1
divinidad	C1
divino	B1
divisa	B2
división	A2
divorcio	B1
divulgación	B1
divulgar	C1
diálogo	A2
diámetro	B1
diócesis	B2
dióxido	C1
dj	B1
dni	B2
dns	C2
do	A2
dobla	C2
doblado	C1
doblaje	B2
doblar	B2
doble	A1
doblete	C2
doce	A2
docena	B1
docencia	B2
docente	B1
doctor	A1
doctora	B1
doctorado	B1
doctrina	B1
documentación	B1
documentado	B2
documental	A2
documentar	C2
documento	A1
dogma	C2
doler	B2
dolor	A1
doloroso	B1
domicilio	A2
dominación	B2
dominar	B1
domingo	A1
dominicano	B2
dominio	A2
dominó	B2
doméstico	B1
don	A1
dona	B2
donación	B1
donante	B2
donar	B2
doncella	C1
donde	A1
doquier	C1
dora	B2
dorado	B1
dormido	B1
dormir	A1
dormitorio	B1
dorsal	B2
dorso	C2
dos	A1
doscientos	B2
dosis	B1
dotación	B2
dotado	B2
dotar	C1
dote	C1
doña	B1
dragón	B1
drama	A2
dramaturgo	C1
dramático	B1
drenaje	B2
droga	A2
drogadicto	C2
drogado	C2
dron	C2
dual	B2
ducha	B1
duda	A1
dudar	B1
dudoso	C1
duela	C1
duelo	B1
duende	C1
dueña	B1
dueño	A2
dulce	A1
dulzura	B2
duplicado	C1
duplicar	C2
duque	A2
duquesa	B2
duración	A2
duradero	C1
duramente	B2
durante	A1
durar	B1
durazno	C2
dureza	B2
duro	A1
débil	A2
débito	C1
década	A2
décimo	B1
déficit	B1
día	A1
dólar	B1
dónde	A1
e	A1
ebrio	C1
echar	A2
echo	A2
eclesiástico	C2
eclipse	B2
eco	B1
ecologista	C2
ecología	B2
ecológico	B2
economica	C2
economista	B1
economía	A1
económico	A1
ecosistema	B2
ecuación	B1
ecuador	A1
ecuatorial	B2
ecuatoriano	B1
edad	A1
edición	A1
edificación	B2
edificio	A1
editar	B1
editor	A2
editora	B2
editorial	A2
edo	B2
educación	A1
educar	B1
educativo	A2
eeuu	A2
efe	B2
efectivamente	A2
efectivo	A2
efecto	A1
efectuar	B2
eficacia	B1
eficaz	B1
eficiencia	B1
eficiente	B1
egipcio	B2
egoísmo	B2
egoísta	B2
egresado	C1
eh	A1
eje	B1
ejecución	A2
ejecutar	B1
ejecutiva	B1
ejecutivo	A2
ejemplar	B1
ejemplo	A1
ejercer	A2
ejercicio	A1
ejercitar	C2
ejido	C1
ejército	A1
el	A1
ela	C2
elaboración	B1
elaborar	B1
elección	A1
electo	B1
elector	C1
electoral	A1
electricidad	A2
electro	C2
electrónico	A2
elefante	B2
elegancia	B2
elegante	B1
elegir	A1
elemental	B2
elemento	A2
elenco	B2
elevación	B2
elevado	B1
elevar	B1
eliminación	B1
eliminar	A2
eliminatoria	C2
elite	B2
elocuente	C2
elogio	C1
eludir	C1
eléctrico	B1
emancipación	B2
embajada	A2
embajador	A2
embalse	C2
embarazo	B1
embarcación	B2
embargo	A1
embarque	C1
emblema	B2
emboscada	C1
embrión	C2
emergencia	A2
emergente	B2
emigración	B2
emigrar	B2
emir	C2
emisión	B1
emisor	C1
emisora	B2
emitir	B1
emocionado	B2
emocional	B1
emocionalmente	B2
emocionante	B1
emoción	A2
emotivo	B2
empanada	C2
empatar	C2
empate	B1
empatía	B2
empeorar	B2
emperador	A2
emperatriz	C1
empezar	A1
empeño	B2
empiezo	B1
emplazamiento	B2
empleador	B2
emplear	B1
empleo	A1
emprendedor	B2
emprender	B1
emprendimiento	B2
empresa	A1
empresario	A2
empujar	B2
empuje	B2
empujón	C2
en	A1
enamorado	B1
enamorar	C1
enano	B2
encajar	B2
encaje	B2
encantado	B1
encantador	B2
encantar	C1
encanto	B1
encarar	B2
encarcelamiento	C2
encargar	C2
encargo	B1
encender	B2
encendido	B2
encerrar	C2
enchufe	C2
enciclopedia	B2
encierro	C1
encima	A1
enclave	C2
encomienda	C1
encontrar	A1
encubierto	C2
encubrimiento	C2
encubrir	C2
encuentro	A1
encuesta	A2
ene	B2
enemigo	A2
energético	B2
energía	A1
enero	A1
enfadado	B2
enfado	C1
enfermedad	A1
enfermería	B1
enfermo	A2
enfocar	C1
enfoque	A2
enfrentamiento	B1
enfrentar	B1
enfrente	B1
enganchado	C2
enganche	C2
engañar	B1
engaño	B1
enhorabuena	B1
enigma	B2
enjuiciamiento	C2
enlace	A2
enlazar	C2
enmienda	B1
enojar	B2
enojo	B1
enorme	A1
enormemente	B2
enrique	A2
enriquecer	C1
ensalada	B1
ensayar	C2
ensayo	A2
enseguida	B1
ensenada	B2
enserio	B2
enseñanza	A2
enseñar	A2
ensueño	C1
entablar	C1
ente	B1
entender	A1
entendimiento	B1
enteramente	B2
enterar	B2
entero	A2
enterrar	B2
entidad	A2
entierro	B2
entonces	A1
entorno	A2
entrada	A1
entrante	C1
entrar	A1
entre	A1
entrega	A2
entregar	A2
entrego	B2
entrenador	A2
entrenamiento	A2
entrenar	B1
entretanto	C1
entretener	C2
entretenido	B2
entretenimiento	B1
entrevista	A1
entrevistado	B2
entrevistar	C1
entusiasmado	C2
entusiasmo	B1
entusiasta	B2
envase	C1
envejecimiento	C1
envergadura	C1
enviar	A2
envio	B2
envuelto	B2
envío	B1
epicentro	C1
epidemia	B2
episcopal	B2
episodio	A2
equidad	B1
equilibrado	C1
equilibrar	C1
equilibrio	A2
equipaje	B2
equipamiento	B1
equipo	A1
equivalencia	C2
equivalente	A2
equivocación	C1
equivocado	A2
erario	C2
erección	B2
ermita	B2
erosión	B2
erradicación	C2
erradicar	B2
error	A1
erróneo	C1
erudito	B2
erupción	B2
erótico	C1
escala	A2
escalada	B2
escalar	B2
escalera	B1
escalón	B2
escandaloso	C1
escapar	A2
escape	B1
escasez	B1
escaso	B2
escaño	B2
escena	A1
escenario	A2
escepticismo	B2
esclarecer	C2
esclava	B2
esclavitud	B1
esclavo	B1
escoba	C1
escobar	B1
escocia	B2
escocés	C1
escoger	B1
escolar	A2
escolta	B2
esconder	B1
escondida	B2
escondite	C2
escopeta	B2
escoria	B2
escorpión	C2
escote	C2
escriba	B1
escribano	C2
escribir	A1
escritor	A2
escritorio	B1
escritura	A2
escrutinio	B2
escuadra	B2
escuadrón	B2
escuchar	A1
escucho	A2
escudero	C2
escudo	B1
escuela	A1
escultor	C1
escultura	B1
escándalo	B1
escéptico	C1
ese	A1
esencia	B1
esencial	A2
esencialmente	B1
esfera	B1
esfuerzo	A1
eslogan	C1
esmalte	C1
esmeralda	B2
esmeraldas	C2
espacial	B1
espacio	A1
espada	A2
espalda	A2
espantoso	B2
español	A1
especial	A1
especialidad	B1
especialista	B1
especialización	B2
especializado	B1
especialmente	A1
especie	A1
especificar	C1
espectacular	B1
espectador	B1
espectro	B1
espectáculo	A2
especulación	B2
especular	C2
específicamente	A2
específico	A2
espejo	A2
esperado	B1
esperanza	A1
esperar	A1
espesor	B2
espiar	C1
espina	B2
espinosa	B2
espionaje	B2
espiral	B2
espiritual	A2
espiritualidad	B2
esplendor	B2
espléndido	C1
esponja	B2
espontáneamente	C2
espontáneo	C1
esposa	A1
esposo	A2
espuma	B2
espía	B1
espíritu	A1
esqueleto	B2
esquema	B1
esquina	A2
esquivar	C1
esquizofrenia	C2
esquí	B2
estabilidad	A2
estabilización	C2
estabilizar	C2
estable	B1
establecer	A2
establecimiento	A2
estacionado	C2
estacionamiento	B1
estación	A1
estadio	A2
estadista	C2
estado	A1
estadounidense	A1
estadística	B1
estadístico	B2
estafa	B1
estallar	B2
estallido	B2
estancamiento	C1
estancia	B1
estandarte	C1
estanque	B2
estar	A1
estatal	A1
estatua	B1
estatura	B2
estatus	B1
estatuto	B1
este	A1
estela	B2
estelar	B2
estereotipo	C1
estero	B2
estigma	C1
estilo	A1
estimación	B2
estimado	B1
estimar	C1
estimulación	C2
estimulante	C1
estimular	B2
estirar	C2
estonia	C2
estratega	C2
estrategia	A2
estrato	C2
estratégico	B1
estrechamente	B2
estrecho	B1
estrella	A2
estrenar	C1
estreno	B1
estresante	C2
estrictamente	B1
estricto	B2
estructura	A1
estructurado	C2
estructural	B1
estrés	B1
estudiante	A2
estudiar	A1
estudio	A1
estufa	C1
estupendo	B2
estupidez	B1
estándar	B1
estéril	C2
estética	B1
estético	B2
estímulo	B2
estómago	B1
estúpido	B1
et	A2
etapa	A2
etcétera	B1
eternamente	B2
eternidad	B1
eterno	B1
etimología	C2
etiqueta	B1
etiquetado	C1
etnia	B2
eucaristía	C2
euforia	C1
euro	B1
europeo	A2
evacuación	B2
evacuar	B2
evadir	B2
evaluación	A2
evaluar	B1
evangelio	B1
evasión	B2
evento	A1
eventual	B2
eventualmente	B1
evidencia	A2
evidente	A2
evidentemente	B1
evitar	A1
evolucionar	C1
evolución	A2
exactamente	A1
exactitud	B2
exacto	A2
exageración	B2
exagerado	B2
exagerar	C2
examen	A2
examinar	B2
excavación	C2
excedente	C2
excelencia	B1
excelente	A1
excepcional	B1
excepción	A2
excepto	A2
excesivamente	B2
excesivo	B1
exceso	B1
excitación	C1
excluir	C1
exclusiva	B1
exclusivamente	A2
exclusivo	B1
exclusión	B1
excursión	B2
excusa	A2
exención	C2
exento	C2
exhaustivo	C1
exhibición	B1
exhibir	C1
exigencia	B2
exigente	B2
exigir	B1
exilio	B1
existencia	A1
existencial	C1
existente	B1
existir	A2
exitoso	B1
expandir	B2
expansión	A2
expectativa	B2
expedición	B1
expediente	B1
expensas	B2
experiencia	A1
experimental	B1
experimentar	B1
experimento	B1
experto	A2
explanada	C2
explicación	A2
explicar	A2
exploración	B1
explorador	B2
explorar	B1
explosivo	B2
explosión	A2
explotación	A2
explotar	B1
explícitamente	B2
explícito	B2
exponencial	C2
exponente	C2
exponer	B1
exportación	B1
exportar	B2
exposición	A2
expresamente	B2
expresar	A2
expresión	A1
expreso	B2
expulsar	B2
expulsión	B1
exquisito	C1
extender	B1
extendido	B1
extensión	A2
exterior	A1
exterminio	C1
externo	B1
extinción	B1
extorsión	B2
extra	A2
extracción	B1
extracto	B2
extradición	B2
extraer	B1
extranjero	A2
extraordinario	B1
extraterrestre	C1
extravagante	C2
extrañamente	C1
extrañar	B1
extraño	A1
extremadamente	B1
extremista	C1
extremo	A2
exótico	C2
ey	B2
ezequiel	B2
fa	B1
fabricación	B1
fabricante	B1
fabricar	B2
fabuloso	C1
facción	B2
faceta	C1
facha	C1
fachada	B1
facial	B2
facilidad	B1
facilitar	A2
factible	B2
facto	B2
factor	A2
factura	B1
facturación	C2
facultad	A1
faena	C1
faja	C2
falacia	C2
falange	C1
falcón	B2
falda	B1
falla	A2
fallar	B2
fallas	B1
fallecimiento	B1
fallo	A2
falsedad	B2
falsificación	C1
falso	A2
falta	A1
faltar	B1
falte	B2
falto	B2
fama	A2
familia	A1
familiar	A1
famoso	A2
fanatismo	B2
fantasma	B1
fantasía	B1
fantástico	B1
fanático	B2
fao	C2
faraón	C1
farmacia	B1
farmacéutico	C1
faro	B2
farsa	B2
fascinación	C1
fascinante	B2
fascismo	B2
fascista	B1
fase	A2
fastidio	C2
fatal	B1
fatiga	B2
fauna	B1
fausto	B2
favor	A1
favorable	B1
favorecer	B1
favorecido	C2
favorito	A2
fax	B2
faz	C1
fe	A1
febrero	A1
fecha	A1
federación	A2
federal	A1
felicidad	A2
felicidades	B1
felicita	C2
felicitación	C2
felicitar	C1
feliz	A1
felizmente	B2
femenino	A2
feminismo	B1
feminista	B1
fenómeno	A2
feo	A2
feria	A2
fermentación	C2
fernando	A1
feroz	B2
ferro	B2
ferrocarril	B1
ferroviario	C1
ferry	B2
fertilidad	B2
fervor	C2
festejar	B2
festejo	B2
festival	A1
festividad	B2
festivo	B2
feto	B2
feudal	C1
fi	B1
fiabilidad	C2
fianza	B1
fiar	C1
fibra	B1
ficción	A2
fichaje	B2
fichar	C2
ficticio	C1
fidel	B1
fidelidad	B1
fiebre	B1
fiel	A2
fielmente	C2
fiera	C1
fierro	B2
fiesta	A1
figura	A1
figurar	C1
fijamente	B2
fijar	B1
fijo	A2
fila	A2
filial	B2
filipino	C2
film	B1
filmación	B2
filmar	B2
filme	B2
filo	B2
filología	C2
filosofía	A2
filosófico	B2
filtración	B2
filtrar	B2
filtro	B1
filósofo	B1
fin	A1
final	A1
finalidad	B1
finalista	C1
finalmente	A1
financiación	B1
financiamiento	B1
financiar	B1
financiero	A2
finca	B1
finde	B2
fingir	B2
fino	B1
firma	A2
firmar	A2
firme	A2
firmemente	B2
firmeza	B2
fiscal	A1
fiscalía	B1
fisiología	C1
flaca	B2
flaco	B1
flamenco	B2
flanco	C1
flash	B1
flauta	B2
flecha	B2
flexibilidad	B2
flexible	B2
flojo	B2
flor	A2
flora	B1
florentino	B2
flota	B1
flotante	B2
flote	C1
fluidez	B2
fluido	B2
fluir	C2
flujo	A2
fluvial	C1
foco	B1
folio	C1
folk	C2
follar	B2
folleto	B2
fomentar	B1
fomento	B1
fondo	A1
foral	C2
forense	B2
forestal	B1
forma	A1
formación	A1
formal	A2
formalidad	C2
formar	A2
formato	A2
formidable	B2
formulación	B2
formular	B2
formulario	B2
foro	A2
forro	B1
fortalecer	B1
fortalecimiento	B2
fortaleza	B1
fortuna	A2
forzado	B1
forzar	B2
fosa	B2
foto	A1
fotografiar	C2
fotografía	A2
fotográfico	B2
fotógrafo	B1
fracasado	B2
fracasar	C1
fracaso	A2
fracción	B1
fractura	B2
fragancia	C2
fragata	C1
fragilidad	C2
fragmentación	C2
fragmento	B1
fraile	C2
francamente	B1
franco	A2
francotirador	C2
francés	A1
franja	B1
franqueza	C2
franquicia	B1
franquismo	B2
franquista	B2
frasco	B2
frase	A2
fraternidad	B2
fraude	A2
frecuencia	A2
frecuente	B1
frecuentemente	B1
frenar	B1
freno	B1
frente	A1
fresa	B2
fresco	B1
frescura	C2
fricción	C1
frijol	C2
frito	B2
frontal	B1
frontera	A1
fronterizo	B2
frustración	B2
frustrado	B2
fruta	B1
fruto	B1
frágil	B2
frío	A2
fu	B1
fuego	A1
fuente	A1
fuera	A1
fuero	B2
fuerte	A1
fuertemente	B1
fuerza	A1
fuga	B1
fugaz	C1
fugitivo	C2
fulano	C2
full	B1
fuma	B2
fumar	A2
fumo	B2
funcional	B1
funcionalidad	B2
funcionamiento	A2
funcionar	A2
funcionario	A2
función	A1
fundación	A1
fundador	A2
fundamental	A2
fundamentalmente	B1
fundamento	B1
fundar	B2
fundición	C1
fundido	B2
funeral	B1
funeraria	C2
furgoneta	C2
furia	B1
furioso	B2
furor	C2
fusil	B2
fusión	B1
futbolista	B1
futuro	A1
fábrica	A2
fácil	A1
fácilmente	A2
fármaco	C2
fénix	C1
fértil	B2
físicamente	B1
físico	A2
fórmula	A2
fósforo	B2
fútbol	A1
g	A1
gabinete	A2
gaceta	B2
gafas	B1
gal	C2
gala	B1
galardón	B2
galaxia	B2
galería	A2
galileo	C2
gallardo	B2
gallego	B1
galleta	C1
gallina	B1
gallo	B1
galo	C2
galán	B2
gama	B1
gamma	C1
ganadero	C2
ganadería	B1
ganador	A2
ganancia	B1
ganar	A1
gancho	B2
ganso	C2
garage	C1
garaje	B2
garantizado	B2
garantizar	A2
garantía	A2
garganta	B1
garra	B2
garza	B2
gas	A1
gasolina	A2
gasolinera	C2
gastar	B1
gasto	A2
gastronomía	B1
gata	B2
gatillo	C1
gatito	B2
gato	A2
gaucho	C2
gaviota	C1
gay	A2
gaza	B2
ge	B2
gel	C1
gelatina	C1
gemelo	C1
gen	B1
generacional	C2
generación	A1
generador	B2
general	A1
generalidad	B2
generalitat	C1
generalización	C1
generalmente	A2
generar	A2
generosidad	B2
generoso	B1
genial	A1
genialidad	C2
genio	A2
genital	C2
genocida	C2
genocidio	B2
gente	A1
gentil	B2
genuino	B2
genérico	B2
genético	B2
geografía	B1
geográfico	B2
geología	C1
geometría	B2
gerente	B1
gestación	B2
gestionar	B2
gestión	A1
gesto	B1
gestor	B2
gif	C1
gigante	A2
gigantesco	B2
gilipollas	B2
gimnasia	B1
gimnasio	B1
ginebra	B1
gira	A2
girar	B2
giro	B1
gitano	C1
global	A2
globalización	B2
globo	B1
gloria	A2
glorioso	B2
glucosa	C1
gluten	C2
go	A2
gobernabilidad	C1
gobernador	A1
gobernar	B1
gobierno	A1
goce	C1
gol	A2
golazo	C1
goleador	B2
golf	B1
golfo	B1
golpe	A1
golpear	B1
golpista	C1
goma	B1
gong	C2
google	A1
gordo	A2
gorila	B2
gorra	B2
gorro	B2
gota	B1
gourmet	C2
gozar	B2
gozo	B2
gr	B2
grabación	B1
grabar	B1
gracia	A2
gracioso	A2
grado	A1
graduación	B2
gradual	B2
gramática	B2
granada	A2
grande	A1
grandeza	B1
grandioso	B2
granito	B2
granizo	C2
granja	B1
grano	B1
grasa	B1
gratis	A1
gratitud	B2
gratuitamente	B2
gratuito	B1
grave	A1
gravedad	B1
gray	B2
gremio	B1
griego	B1
grieta	B2
grifo	C2
gringo	C1
gripe	B1
gris	A2
grita	B1
gritar	B1
grito	B1
grosero	B2
grosor	C1
grueso	B1
grupo	A1
gráfico	A2
grúa	C1
guante	B2
guapo	B1
guaraní	B2
guardado	B1
guardaespaldas	C1
guardar	A2
guardería	B2
guardia	A2
guardián	B2
guarnición	B2
guatemalteco	C1
guau	C1
guay	B2
gubernamental	B1
guerra	A1
guerrero	A2
guerrilla	B2
guerrillero	B2
guiar	B2
guion	C1
guionista	B2
guiso	C1
guita	C1
guitarra	B1
guitarrista	B2
guiño	C1
guión	B1
gurú	C2
gusano	B2
gustar	B1
gusto	A1
guía	A2
género	A1
génesis	B2
gótico	C2
h	A1
habana	A2
haber	A1
habilidad	A2
habilitación	C2
habilitar	C2
habitación	A2
habitante	B2
habitual	A2
habitualmente	B1
hablante	C2
hablar	A1
hacer	A1
hacha	B2
hacia	A1
hacienda	A2
hackear	C2
hacker	B2
hada	C1
hala	C2
halcón	C1
hallar	B1
hallazgo	B2
halo	C1
hambre	A1
hambriento	C2
hambruna	C1
hamburguesa	B2
hardware	B2
harina	B1
harto	B1
hasta	A1
hazaña	B2
hdp	B2
hebreo	B2
hechizo	B2
hecho	A1
hegemonía	B2
helada	B2
heladera	B2
helado	B1
helicóptero	B1
hembra	B1
hemisferio	B2
hemorragia	B2
hepatitis	C1
heraldo	C2
heredero	B1
herencia	B1
herida	B1
herido	A2
herir	B2
hermana	A1
hermandad	B1
hermano	A1
hermoso	A2
hermosura	C1
heroico	C1
heroína	B2
herramienta	A2
herrera	B1
herrero	B2
hervir	C2
heterosexual	C1
hidalgo	B1
hidrógeno	B2
hielo	A2
hierba	B1
hierro	A2
higiene	B1
higiénico	B2
hija	A1
hijo	A1
hilo	A2
himno	B1
hincapié	B2
hincha	B2
hinchada	C1
hindú	B2
hipertensión	C2
hipocresía	B1
hipoteca	B2
hipócrita	B2
hipótesis	B1
hispano	B2
histeria	C2
historia	A1
historiador	B1
historial	B1
historieta	C2
historiografía	C2
históricamente	B1
histórico	A1
hito	B2
hocico	B2
hockey	B2
hogar	A1
hoguera	B2
hoja	A2
hola	A1
holanda	B1
holandés	B2
holocausto	B2
hombre	A1
hombro	B1
homenaje	A2
homicidio	B1
homofobia	C1
homosexual	B1
homosexualidad	B2
honda	B1
hondo	B2
hondureño	C2
honestamente	B1
honestidad	B1
honesto	B1
hongo	C1
honor	A1
honorable	B2
honorario	C2
honradez	C2
honrado	B2
honrar	B2
hora	A1
horario	A2
horizontal	B1
horizonte	B1
hormiga	C1
hormigón	B2
hormona	C2
horno	B1
horrible	A2
horror	B1
hospital	A1
hospitalidad	B2
hostia	B2
hostil	B2
hostilidad	B2
hotel	A1
hoy	A1
hoyo	B2
html	B2
http	A1
hueco	B1
huelga	A2
huella	B1
huerta	B2
huerto	B2
hueso	B1
hueva	C2
huevo	A2
huida	B2
huir	B1
humanidad	A2
humanismo	C2
humanista	B2
humanitario	C1
humano	A1
humedad	B1
humildad	B1
humilde	B1
humillación	B2
humillante	C1
humo	A2
humor	A2
humorista	C1
hundimiento	C1
hundir	C1
huracán	B1
hurtado	B2
hurto	C2
huérfano	C2
huésped	B2
hábil	B2
hábitat	B2
hábito	B1
hércules	B2
héroe	A2
híbrido	B2
hígado	B1
húmedo	B2
húngaro	B2
i	A1
ia	B1
ibex	C2
ibérico	C1
iceberg	C2
icono	B2
ida	B1
idea	A1
ideal	A2
idem	C2
identidad	A1
identificación	A2
identificar	A2
ideología	A2
ideológico	B2
idioma	A1
idiota	A2
idéntico	B2
idóneo	C2
iglesia	A1
ignorancia	B1
ignorante	B1
ignorar	B1
igual	A1
iguala	B2
igualar	B2
igualdad	A2
igualmente	A2
ilegal	A2
ilegalidad	C2
ilegalmente	B2
ilegítimo	C2
ilimitado	B2
iluminación	B1
iluminado	B2
iluminar	C1
ilusión	A2
ilustración	B1
ilustrado	B2
ilustrar	B2
ilustre	B2
imagen	A1
imaginación	A2
imaginar	A2
imaginario	B2
imbécil	B1
imitación	B2
imitar	B2
impaciente	C1
impactante	B2
impacto	A2
imparcial	B2
imparcialidad	B2
impecable	B2
impedido	B2
impedimento	B2
impedir	B1
impensable	C2
imperativo	B2
imperial	B1
imperialismo	B2
imperialista	C1
imperio	A2
implacable	B2
implantación	B2
implantar	B2
implementación	B1
implementar	B1
implicado	B2
implicar	C1
implícito	C2
imponer	B1
importación	B1
importancia	A1
importante	A1
importar	A2
importe	B1
imposibilidad	B2
imposible	A1
imposición	B2
impotencia	B2
impotente	C2
imprenta	B2
imprescindible	B1
impresionado	B2
impresionante	A2
impresionar	C2
impresión	A2
impreso	B2
impresora	B2
imprimir	B1
improbable	B2
improvisado	C2
imprudente	C2
impuesto	A2
impulsar	B1
impulso	B1
impunidad	B1
imputación	C2
imán	B2
inaceptable	B2
inactividad	C2
inauguración	B1
inaugural	B2
inca	B2
incansable	C1
incapacidad	B1
incapaz	B1
incendio	A2
incentivo	B2
incertidumbre	B1
incidencia	B1
incidente	B1
incierto	B2
incipiente	C1
inciso	C1
inclinación	B2
incluir	A2
inclusive	B1
inclusivo	C1
inclusión	B1
incluso	A1
incomodidad	C1
incomodo	C2
incomparable	C2
incompetencia	B2
incompetente	C1
incompleto	C2
incomprensible	C2
inconsciente	B1
inconscientemente	C2
inconveniente	B2
incorporación	B1
incorporar	B1
incorrecto	B2
incrementar	B1
incremento	A2
increíble	A1
incumplimiento	B2
incursión	B2
incómodo	B1
indagar	C2
indefinido	B2
indemnización	B1
independencia	A1
independentista	B2
independiente	A1
independientemente	B1
india	A2
indiana	B2
indias	B1
indicación	B2
indicador	B1
indicar	B1
indicativo	C2
indicio	B2
indiferencia	B1
indiferente	B2
indignación	B1
indignante	C1
indio	A2
indirectamente	B2
indirecto	C2
indiscutible	B2
indispensable	B1
individual	A2
individualmente	B2
individuo	A2
indonesia	B1
inducción	C2
inducir	C2
indudablemente	B2
indulto	C1
industria	A1
industrial	A2
industrialización	C1
indígena	A2
inercia	B2
inesperadamente	C2
inesperado	B1
inestabilidad	B2
inestable	B2
inevitable	B1
inevitablemente	B2
inexistente	B2
infalible	C2
infame	B2
infancia	A2
infanta	B2
infante	B2
infantería	B1
infantil	A2
infarto	B2
infección	B1
infectado	C2
infeliz	B2
inferior	A2
inferioridad	C1
infernal	C1
infidelidad	C1
infierno	A2
infiltración	C2
infiltrado	C2
infinitamente	B2
infinito	B1
inflación	A2
inflamación	C1
inflexión	C1
influencia	A1
influir	B2
influyente	B2
información	A1
informal	B1
informar	B1
informativo	B1
informe	A1
informática	B1
informático	B2
infracción	B2
ingeniero	A2
ingeniería	A2
ingenio	B2
ingenioso	C1
ingenua	C1
ingenuidad	C2
ingenuo	B2
ingesta	C2
inglés	A1
ingrediente	B2
ingresar	B1
ingreso	A2
inherente	C1
iniciación	B2
inicial	A2
iniciar	A2
iniciativa	A2
inicio	A1
injerencia	C1
injustamente	B2
injusticia	B1
injusto	B1
inmaculada	C1
inmediatamente	A1
inmediato	A2
inmenso	B1
inmersión	C1
inmigración	B1
inmigrante	B2
inminente	B1
inmoral	B2
inmortal	B2
inmortalidad	C1
inmueble	B1
inmune	B2
inmunidad	B1
innegable	B2
innovación	B1
innovador	B2
inocencia	B1
inocente	A2
inodoro	B2
inofensivo	C2
inolvidable	B2
inquietante	C1
inquieto	C2
inquietud	B2
inquilino	C2
inquisición	B2
inscribir	C1
inscripción	B1
insecto	B2
inseguridad	B1
inseguro	B2
insensible	C1
inserción	B2
insertar	C2
insignia	B2
insignificante	B2
insistencia	B2
insistir	B2
insomnio	B2
insoportable	B2
inspeccionar	C2
inspección	B1
inspector	B1
inspiración	B1
inspirador	C2
inspirar	C1
instalación	A2
instalar	B1
instancia	B1
instante	A2
instantáneo	C2
instinto	B1
institucional	B1
institución	A2
instituto	A1
instrucción	B1
instrumental	B2
instrumento	A2
insuficiencia	B2
insuficiente	B2
insular	B2
insulina	C1
insultar	B1
insulto	B1
insurrección	C1
insólito	C1
intacto	C1
integración	A2
integral	B1
integrar	B1
integridad	B1
intelecto	C2
intelectual	A2
inteligencia	A1
inteligente	A2
intencional	C1
intencionalmente	C2
intención	A1
intensamente	B2
intensidad	B1
intensivo	C1
intenso	B1
intentar	A2
intento	A1
interacción	B1
interactuar	B2
intercambiar	B2
intercambio	A2
interesado	A2
interesante	A1
interesar	B2
interese	B2
interfaz	B2
interferencia	B2
interferir	B2
interino	B2
interior	A1
interlocutor	C2
intermediario	B2
intermedio	B1
interminable	B2
intermitente	C2
internacional	A1
internado	B2
internet	A1
interno	A2
interpretación	A2
interpretar	B1
interrogatorio	B2
interrumpir	B2
interrupción	B2
interruptor	C2
intersección	B2
intervalo	B2
intervención	A2
intervenir	B1
interés	A1
intestinal	C1
intestino	B2
intimidación	C2
intimidad	B1
intolerancia	B2
intriga	B2
introducción	A2
introducir	B1
intuición	B2
intérprete	B2
inundación	B2
inusual	B1
invadir	B2
invasión	B1
invencible	C1
invención	B2
inventar	B1
inventario	B2
invento	B1
inventor	C1
invernadero	B2
invernal	C2
inversión	A1
inverso	C2
inversor	C1
invertir	B1
investidura	B2
investigación	A1
investigado	B2
investigador	B1
investigar	A2
invicto	C2
invierno	A2
invisible	B1
invitación	B1
invitar	B1
invite	C2
invito	B1
invocar	C2
involucrado	B1
involucrar	C2
inyección	B2
inédito	B2
inútil	B1
ion	C2
ir	A1
ira	A2
iraní	B2
iraquí	C1
iris	B1
irlandés	B2
ironía	B1
irracional	B2
irreal	C1
irregular	B1
irregularidad	C2
irresistible	C2
irresponsabilidad	C1
irresponsable	B2
irreversible	C1
irritación	C2
irónico	B1
isla	A1
islámico	B2
israelí	B1
istmo	C1
italiano	A2
itinerario	B2
its	C1
iva	B1
izquierda	A1
izquierdista	C1
izquierdo	B1
j	A1
ja	A2
jabón	B1
jacinto	B2
jack	A2
jade	C1
jaguar	C1
jaja	A2
jamás	A1
jamón	B1
japonés	A2
jaque	C1
jara	B2
jarabe	C1
jardinero	C2
jardín	A2
jarra	C2
jaula	B2
jazz	B1
jeans	B2
jefatura	B2
jefe	A1
jerarquía	B2
jerez	B2
jerga	C1
jersey	B1
jesuita	C2
jet	B2
ji	B2
jin	B2
jinete	C1
joda	B1
joder	A2
jodido	B1
jong	B2
jornada	A2
joven	A1
joya	B1
joyería	C1
juana	B1
juanito	C2
jubilación	B1
jubilado	C1
judas	B2
judicial	A1
judío	B1
juego	A1
jueves	A1
juez	A1
jueza	B2
jugada	B1
jugador	A1
jugar	A1
jugo	B1
juguete	B1
juicio	A1
julia	B1
juliana	B2
julio	A1
jungla	C1
junio	A1
junta	A1
juntar	B1
junto	A1
jura	B2
jurado	A2
juramento	B1
jurar	C1
jurisdicción	B1
jurisprudencia	B2
jurista	C2
juro	A2
jurídico	B1
justamente	B1
justicia	A1
justificación	B1
justificar	B1
justo	A1
juvenil	A2
juventud	A2
juzgado	B1
juzgar	B1
júbilo	C2
k	A1
ka	B2
karaoke	C2
karate	C2
kilo	B1
kilómetro	B2
kirchnerismo	B2
l	A1
laberinto	B2
labio	B2
labor	A2
laboral	A2
laboratorio	A2
labrador	C1
laburo	B2
lactancia	C1
ladera	C2
lado	A1
ladrillo	B2
ladrón	B1
lagarto	C2
lago	A2
laguna	B1
laico	C1
lama	B2
lamentable	B1
lamentar	C1
lamento	B1
lana	B1
lance	B2
lancha	C1
lanza	A2
lanzamiento	A2
lanzar	B1
lao	C2
lapso	B2
laptop	B2
largamente	C1
largo	A1
largometraje	C2
lastimado	C2
lastimar	B2
lastre	C2
lata	B1
latente	C1
lateral	B1
latino	B1
latinoamericano	B1
latitud	B2
latín	B1
laurel	B2
lava	B1
lavado	B1
lavadora	C2
lavar	B1
lazo	B2
le	A1
lea	B1
leal	B1
lealtad	B1
lección	B1
leche	A1
lecho	B2
lechuga	B2
lector	A2
lectura	A2
led	B2
leer	A1
legado	B1
legal	A1
legalidad	B1
legalización	B2
legalizar	C1
legalmente	B1
legendario	B2
legislación	A2
legislador	B2
legislar	C2
legislatura	B1
legitimidad	B1
legión	B2
lego	B2
legítimo	B1
lejano	B1
lejos	A1
lema	B1
lengua	A1
lenguaje	A1
lentamente	B1
lente	B2
lentitud	C1
lento	A2
leopardo	C2
les	A1
lesbiana	B2
lesión	B1
letal	B2
letra	A2
letrero	C1
leucemia	C1
levadura	C2
levantamiento	B1
levantar	A2
levante	B1
leve	B1
levemente	B2
ley	A1
leyenda	A2
leña	B1
león	A1
lgbt	B1
liberación	A2
liberal	A2
liberalismo	B2
liberar	B1
libertad	A1
libertador	B2
libertario	C2
libia	B2
libra	B1
librar	C2
libre	A1
libremente	B1
librería	B1
libreta	B2
libro	A1
licencia	A2
licenciado	B1
licenciatura	B1
liceo	B1
licitación	B1
licor	B2
liderar	B2
liderazgo	B1
lidia	B2
lidiar	B1
liebre	C2
lienzo	B2
liga	A2
ligar	B2
ligeramente	B1
ligero	B1
like	B1
lila	C2
lima	A2
limbo	B2
limitación	B2
limitado	B1
limitar	B1
limosna	C2
limpiar	A2
limpieza	A2
limpio	A2
limón	B1
linaje	B2
lincoln	B2
lindo	A2
linea	B1
lineal	B2
lingüístico	B2
lino	B2
linterna	B2
liquidación	B2
liquidar	C1
liquidez	B2
lira	C2
lisa	B1
liso	C1
lista	A1
listado	B1
listo	A1
literal	B1
literalmente	A2
literario	B1
literatura	A1
litio	C1
litoral	B2
litro	B2
liviano	C2
living	B2
ll	B2
llamamiento	B2
llamar	A1
llamativo	C1
llano	B2
llanto	B2
llanura	B2
llave	B1
llegada	A2
llegar	A1
llenado	B2
llenar	B1
lleno	A1
llevar	A1
llorar	A2
lloro	B2
lloró	C1
llover	B2
lluvia	A2
lo	A1
loa	C1
lobby	B2
lobo	B1
local	A1
localidad	A2
localización	B1
localizar	B1
localmente	B2
loco	A1
locura	A2
locutor	C1
lodo	B2
logia	C2
logo	B1
lograr	A1
logro	A2
lol	B1
lola	B1
loma	B2
lomo	B2
lona	C1
longitud	B1
loro	B2
lote	B1
lotería	B2
lozano	B2
lpm	B2
luca	B2
lucero	C1
lucha	A1
luchador	B2
luchar	A2
lucho	C1
lucio	B2
lucir	B2
lucro	B1
luego	A1
lugar	A1
lujo	A2
lujoso	C1
lujuria	C2
luminosidad	C2
luminoso	B2
luna	A1
lunar	B2
lunes	A1
lupa	C2
luto	B2
luz	A1
lágrima	C1
lámina	C1
lámpara	B2
lápiz	B2
láser	B2
lástima	A2
látigo	C2
léxico	C2
líder	A1
límite	A2
línea	A1
lío	B2
líquido	B1
lírica	C1
lírico	C2
lógica	A2
lógico	B1
macedonia	B2
machado	B2
machete	C1
machismo	B2
machista	B2
macho	B1
macizo	C2
madera	A2
madero	B1
madre	A1
madrileño	B2
madrina	C1
madrugada	B1
maduración	C1
madurar	C1
madurez	B1
maduro	A2
maestre	B2
maestro	A1
maestría	B1
mafia	B1
magdalena	B1
magia	A2
magistrado	B2
magistral	B2
magnate	C1
magnesio	C2
magnitud	B1
magno	C1
magnético	B2
magnífico	B1
mago	B1
majestad	B1
mal	A1
mala	A1
malaria	C1
maldad	B1
maldición	B2
maldito	B1
malentendido	C2
malestar	B2
maleta	B2
malicia	C2
maligno	C1
malla	C1
malo	A1
malta	B2
maltrato	B1
malvado	B2
mama	A2
mamada	B2
mamar	C2
mambo	C2
mamen	C2
mami	B1
mamá	A1
mana	C2
manada	B2
manager	B2
manantial	C2
mancha	B1
manchado	C2
mandar	A2
mandarín	C2
mandatario	B2
mandato	A2
mande	B1
mando	A1
mandíbula	B2
manejar	A2
manejo	A2
manera	A1
manga	A2
mango	B1
manguera	C2
manifestación	A2
manifestar	B2
manifiesto	B1
manija	C2
maniobra	B1
manipulación	B1
manipular	B1
mano	A1
mansión	B2
manta	B2
manteca	B2
mantener	A1
mantenimiento	A2
mantequilla	B1
manto	B2
manual	A2
manualmente	C2
manuela	B2
manufactura	B2
manuscrito	B2
manzana	B1
maní	C1
manía	B2
mapa	A2
mapuche	B1
maquillaje	B1
maquinaria	B1
mar	A1
mara	B2
maratón	B1
maravilla	B1
maravilloso	A2
marca	A1
marcado	B1
marcador	B1
marcar	B1
marcha	A1
marchar	B1
marcial	B2
marco	A1
marea	B1
marfil	B2
margarita	B1
margen	A2
marginal	B2
marica	B2
maricón	C2
marido	A2
marihuana	B1
marina	A2
marinero	B2
marino	B1
marioneta	C2
mariposa	B2
mariscal	B2
mark	A2
marketing	B1
marquesa	C1
marqués	B1
marroquí	B2
marrón	B1
martes	A2
martillo	B2
martirio	C1
marxismo	B2
marzo	A1
marítimo	B1
mas	A1
masa	A2
masacre	B1
masaje	B2
mascota	B1
masculino	B1
masivo	B1
masonería	C2
masturbación	C2
matadero	C1
matamoros	C1
matanza	B1
matar	A1
mate	A2
matemática	B1
matemático	B2
materia	A1
material	A1
maternidad	B2
materno	B2
mates	B2
matiz	C2
mato	B1
matrimonial	B2
matrimonio	A1
matriz	B1
matrícula	B1
maximizar	C2
maya	B1
mayo	A1
mayonesa	C1
mayor	A1
mayordomo	B2
mayoría	A1
mayúscula	C2
maza	C1
mazo	B2
maíz	B1
mañana	A1
mear	C1
mecanismo	A2
mecha	C2
mecánico	B1
medalla	A2
mediación	B2
mediano	B1
medianoche	B1
mediante	A1
mediar	C2
medicación	B2
medicamento	B2
medicina	A1
medicinal	C1
medición	B2
medida	A1
medieval	B1
medio	A1
medioambiental	B2
medioambiente	C1
mediocre	B2
mediocridad	C1
mediodía	B1
medir	B1
meditación	B2
meditar	B2
mediterráneo	B1
mediático	B2
mejilla	B2
mejor	A1
mejora	A2
mejorar	A1
mejoría	C1
melancolía	C1
melodía	B2
melón	C2
membrana	B2
meme	B1
memo	C1
memorable	B2
memoria	A1
memorial	B2
mena	B2
mencionar	A2
mención	B1
mendigo	C2
menor	A1
menos	A1
mensaje	A1
mensajero	B2
mensajería	B2
mensual	B1
mensualmente	C1
menta	B2
mental	A2
mentalidad	B1
mentalmente	B2
mente	A1
mentir	B1
mentira	A2
mentiroso	B1
mentor	C1
menudo	A1
menú	B2
meramente	B2
mercadería	B2
mercado	A1
mercancía	B1
mercantil	B2
merced	B1
mercosur	B2
mercurio	B1
merecer	C1
merecido	B1
meridiano	C2
meridional	B2
merienda	C1
merino	C1
mermelada	B2
mero	B1
mes	A1
mesa	A1
meseta	C1
mesías	B2
meta	A2
metabolismo	B2
metal	A2
meteorito	C2
meteorología	C2
meter	A2
metida	B2
metido	B1
metodología	B1
metro	A2
metropolitano	B2
metáfora	B2
metálico	B2
mexicano	A1
meza	C2
mezcla	A2
mezclar	B2
mezquita	B2
mi	A1
micro	B1
microondas	B2
microscopio	C2
micrófono	B2
miedo	A1
miel	B1
miembro	A1
miente	B1
mientras	A1
mierda	A1
migración	B1
migrante	C2
mijo	C1
mil	A1
milagro	B1
milenio	B1
milicia	B2
militancia	B2
militante	B1
militar	A1
milla	B2
millar	C2
millonario	B1
millón	A2
mina	A2
mineral	B1
minero	B1
minería	B1
miniatura	B2
ministerio	A1
ministra	B1
ministro	A1
minoría	B1
minuto	A2
mirada	A1
mirador	B2
miranda	B1
mirar	A1
miró	B1
misa	B1
miserable	B1
miseria	B1
misericordia	B1
misil	B2
misionero	B2
misión	A1
mismo	A1
misterio	A2
misterioso	B1
mitad	A1
mitigar	C2
mitin	B2
mito	B1
mitología	B2
mixto	B2
miércoles	A2
mobiliario	B2
mochila	B1
moco	C2
moda	A2
modalidad	B1
modelo	A1
moderación	B2
moderado	B1
moderador	C2
modernidad	B2
modernismo	C2
modernizar	C2
moderno	A2
modesta	B2
modesto	B2
modificación	B1
modificar	B1
modo	A1
mojado	B2
molde	B2
mole	C1
molecular	B2
molestar	B1
molestia	B1
molesto	B1
molino	B1
molécula	C2
momento	A1
momia	C2
monarca	B1
monarquía	B1
monasterio	B1
moneda	A2
monetario	B2
monitor	B1
monja	B2
monje	B2
mono	B1
monopolio	B1
monseñor	B2
monstruo	B1
montaje	B1
montar	B1
montaña	A2
monte	A2
montero	B1
montes	B1
monto	B1
montón	A2
monumental	B1
monumento	B1
monólogo	C2
mora	B1
morada	B2
morado	B2
moral	A2
moraleja	C2
moralidad	B2
moralmente	B2
morbo	C2
mordaza	C2
morder	C1
mordida	C1
morena	B1
moreno	A2
moribundo	C2
morir	A1
moro	B2
morro	B2
mortal	B1
mortalidad	B1
mortero	C2
mosaico	C1
mosca	B2
mosquito	C1
mostaza	B2
mostrador	B2
mostrar	A2
mota	B2
motel	C2
motivación	B1
motivar	C1
motivo	A1
moto	A2
motocicleta	B2
motor	A2
motín	B2
mover	B1
movida	B2
movido	B2
movilidad	B1
movilización	B1
movilizar	C1
movimiento	A1
mozo	B2
mu	B2
muchacho	B1
muchedumbre	C1
mucho	A1
muda	B2
mudanza	B2
mudar	B2
mudo	B2
mueble	B2
muela	C2
muelle	B1
muerte	A1
mugre	C2
mujer	A1
mula	B2
multa	B1
multimedia	B2
multiplicación	C2
multiplicar	C1
multitud	A2
mundial	A1
mundialmente	B2
mundo	A1
municipal	A1
municipalidad	B1
municipio	A2
munición	B2
mural	B2
muralla	B2
murciélago	C2
muro	A2
muscular	B2
museo	A2
musical	A2
muslo	C2
musulmán	B2
mutación	C1
mutuo	B1
muy	A1
muñeca	B1
muñeco	B2
mágico	B1
máquina	A2
mármol	B2
mártir	B2
más	A1
máscara	B1
máximo	A1
médico	A1
médula	B2
mérito	B1
método	A2
mí	A1
mínimo	A1
mío	A1
místico	C1
mítico	B2
módulo	B2
móvil	A2
múltiple	B2
músculo	B2
música	A1
músico	B1
nacer	B1
naciente	C1
nacimiento	A2
nacional	A1
nacionalidad	A2
nacionalismo	B1
nacionalista	B1
nacionalización	B2
nación	A1
nada	A1
nadando	C2
nadar	B2
nadie	A1
nafta	C2
nana	B2
nano	C2
napoleón	B2
naranja	B1
naranjas	B2
naranjo	C1
narciso	C2
narco	B2
narcotráfico	B1
nariz	A2
narración	B1
narrador	B2
narrar	C2
narrativa	B1
narrativo	C2
nasa	B1
nasal	C2
nat	C1
nata	C1
natación	B2
natal	B1
natalidad	C1
nativo	B1
natural	A1
naturaleza	A1
naturalmente	B1
naufragio	C1
nava	C2
navaja	B2
naval	B1
navarro	B1
navas	C1
nave	A2
navegación	B1
navegar	B1
navidad	A2
navidades	C1
navío	C1
nazismo	C1
necesariamente	A2
necesario	A1
necesidad	A1
necesitar	B1
necio	C2
nefasto	C2
negación	B2
negar	B1
negativa	A2
negativo	A2
negligencia	B2
negociación	B1
negociar	B1
negocio	A1
negrita	C2
negro	A1
nene	B1
neoliberal	B2
neoliberalismo	C1
nepotismo	C2
nervio	B2
nervioso	B1
netamente	C2
neto	B2
neumonía	C2
neutral	B1
neutralidad	B2
neutralizar	C2
neutro	C1
nevada	B2
nevera	B2
newton	B2
nexo	C2
ni	A1
nicaragüense	B2
nido	B1
niebla	B1
nieta	B2
nieto	A2
nieve	A2
nieves	B2
ninguno	A1
nino	C2
nitrógeno	B2
nivel	A1
niña	A1
niñera	C1
niñez	B1
niño	A1
no	A1
noble	B1
nobleza	B1
noche	A1
noción	B1
nocturno	B1
nombrar	B1
nombre	A1
nomenclatura	C2
nominación	B2
nominal	B2
non	B2
nono	C2
nordeste	C2
norma	A2
normal	A1
normalidad	B1
normalmente	A2
normativo	C2
noroeste	B1
norte	A1
norteamericano	B1
noruega	B1
noruego	C1
nos	A1
nosotras	B1
nosotros	A1
nostalgia	B1
nota	A1
notable	B1
notablemente	B2
notar	B1
notario	B2
noticia	A1
noticiero	B2
notificación	B1
noto	B2
notoriedad	C1
nova	B2
novato	C1
novedad	B1
novela	A1
novelista	B2
noveno	B2
noventa	B1
novia	A1
noviembre	A1
novio	A2
nube	B1
nublado	B2
nuca	B2
nuclear	A2
nudo	B2
nuestro	A1
nuevamente	A2
nueve	A1
nuevo	A1
nuez	C1
nulidad	C1
nulo	B2
numeración	C2
numeros	C1
numeroso	C2
nunca	A1
nutrición	B2
nómina	B2
núcleo	B1
número	A1
o	A1
oasis	B2
obedecer	B2
obediencia	B2
obelisco	C2
obesidad	B2
obispado	C1
obispo	A2
objeción	B2
objetividad	B2
objetivo	A1
objeto	A1
obligación	A2
obligado	A2
obligar	B1
obligatorio	B1
obra	A1
obrero	B1
obsequio	C2
observación	B1
observador	B2
observar	A2
observatorio	B1
obsesionado	C1
obsesión	B1
obstante	A1
obstrucción	C1
obstáculo	B1
obtención	B1
obtener	A1
obviamente	A2
obvio	A2
oca	C1
ocasionalmente	B2
ocasionar	C2
ocasión	A2
ocaso	C2
occidental	A2
occidente	A2
ocde	B2
ochenta	B1
ocho	A1
ocio	B2
octavo	B2
octubre	A1
ocular	B2
ocultar	B1
oculto	B1
ocupación	A2
ocupar	B1
ocurrencia	C2
ocurrir	B1
océano	B1
oda	C2
odiar	B2
odio	A1
oea	B2
oeste	A2
ofender	B1
ofendido	B2
ofensa	B2
ofensiva	B1
ofensivo	B2
oferta	A2
oficial	A1
oficialismo	B2
oficialmente	A2
oficina	A1
oficio	B1
ofrecer	A2
ofrecimiento	C2
ofrenda	B2
oh	A1
ojalá	A1
ojete	C2
ojo	A1
ola	B1
oleada	B2
oler	B2
olfato	C1
oligarquía	B2
oliva	B1
olivo	C2
olivos	B2
olla	B2
olmedo	C1
olor	A2
olvidar	A2
olvido	A2
olímpico	B1
ombligo	B2
omega	B2
omisión	B2
oms	B2
once	A2
onda	A2
ong	B1
opcional	B2
opción	A1
operación	A1
operador	B1
operar	B1
operativo	B1
opinar	B2
opinión	A1
opio	C1
oponente	B2
oportunidad	A1
oportuno	B1
oposición	A1
opositor	B1
opresión	B2
optar	B2
optimismo	B2
optimista	B2
optimizar	C2
opuesto	B1
opus	B2
ora	B2
oración	A2
orador	B2
oral	B1
orar	C1
orden	A1
ordenación	B2
ordenador	B1
ordenamiento	B2
ordenanza	B2
ordenar	B1
ordinario	B2
oreja	B1
orfanato	C2
organismo	A2
organización	A1
organizar	A2
orgasmo	B2
orgullo	A2
orgulloso	A2
orgánico	B2
orgía	C2
orientación	A2
oriental	A2
orientar	B2
oriente	A2
origen	A1
original	A1
originalidad	B2
originario	B2
orilla	B1
orina	B2
orinar	C2
oro	A1
orquesta	B1
ortega	B1
ortodoxo	C2
ortografía	B1
os	A1
oscuridad	A2
oscuro	A2
oso	B1
otomano	C2
otorgamiento	C2
otorgar	B2
otoño	B1
otro	A1
oveja	B2
oxígeno	B1
oído	A2
oír	A2
pa	A1
pabellón	B1
paciencia	A2
paciente	A2
paco	B1
pacto	A2
pacífico	A2
padecer	B2
padrastro	C2
padre	A1
padrino	B2
padrón	B2
pagar	A1
pago	A1
pagué	B2
paisaje	A2
paisano	C2
paja	A2
pajarito	C2
pajero	C2
pala	B2
palabra	A1
palacio	A2
paladar	C1
palanca	B2
palestino	B2
paleta	B2
paliza	B2
palma	A2
palo	A2
paloma	B1
pamela	C1
pampa	B2
pan	A1
pana	B2
panadería	B2
panameño	C1
panamá	A2
pancho	B2
panda	B2
pandemia	B2
pandilla	B2
panel	B1
panorama	B1
pantalla	A1
pantalón	B1
pantano	B2
pantera	C2
panteón	C1
panza	B2
papa	A1
papel	A1
papeleo	C2
papi	B1
papá	A1
paquete	A2
par	A1
para	A1
paracaídas	C2
parada	A2
paradero	B2
paradigma	B2
parado	B1
paradoja	B2
paradójicamente	C2
paraguaya	C1
paraguayo	B2
paraje	B2
paralelamente	B2
paralelo	B1
paranoia	C1
paranoico	C2
parar	A2
paraíso	B1
parcela	B2
parche	B2
parcial	A2
parcialmente	B1
pardo	B1
pare	B1
parecer	A1
parecido	A2
pared	A2
pareja	A1
parentesco	C1
paridad	C1
pariente	B1
pario	C2
parlamentario	B1
parlamento	A2
paro	A2
parodia	B2
paros	C2
parque	A1
parra	B2
parrilla	B2
parroquia	B1
parroquial	B2
parte	A1
participación	A1
participar	A1
partición	C1
particular	A1
particularidad	C1
particularmente	A2
partida	A2
partidario	B2
partidista	C2
partido	A1
partir	A1
parto	B1
partícula	C2
parálisis	B2
parámetro	C1
parásito	C1
pasado	A1
pasaje	B1
pasajero	B2
pasaporte	B1
pasar	A1
pasarela	C1
pasatiempo	C2
pascal	C1
pascua	B1
pascual	B2
pasear	B1
paseo	A2
pasillo	B1
pasividad	C2
pasivo	B2
pasión	A2
paso	A1
pasta	B1
pastel	B1
pastilla	B2
pasto	B1
pastor	B1
pastora	C2
pata	B1
patada	B1
patata	B2
patear	C1
patente	B1
paternidad	B2
patinaje	C2
patio	A2
pato	B1
patología	B2
patria	A2
patriarca	B2
patriarcado	C1
patriarcal	B2
patricio	B2
patrimonial	B2
patrimonio	A2
patriota	B2
patriótico	B2
patrocinador	C2
patrocinio	B2
patrono	C1
patrulla	B2
patrón	A2
patético	B1
pausa	B1
pauta	B2
pavimento	C1
pavo	B2
pavón	C2
payaso	B1
paz	A1
país	A1
paño	C1
pañuelo	B2
pbi	C1
pd	B2
pe	B1
peaje	B2
pecado	B1
pecho	A2
peculiar	B1
pedagogía	B2
pedagógico	C1
pedazo	B1
pedestal	C2
pedir	A1
pedo	A2
pega	B1
pegado	B1
pegamento	C2
pegar	B1
peinado	B2
pela	C2
pelado	C1
pelea	A2
pelear	B1
peli	B2
peligro	A1
peligroso	A2
pelo	A1
pelota	A2
pelotudo	B1
pelotón	C1
peluca	C2
peluche	B2
peludo	C2
peluquería	B2
película	A1
pena	A1
penal	A2
pendejo	A2
pendiente	A2
pene	B1
penetración	B2
penetrar	B2
peninsular	C1
penitencia	C1
penoso	C1
pensador	C2
pensamiento	A2
pensar	A1
pensión	B1
pentágono	C2
península	B1
pepa	C2
pepino	C1
peque	C2
pequeño	A1
pera	B2
percepción	B1
percibir	B2
percusión	C2
perdedor	B2
perder	A1
perdonar	B2
perdón	A1
peregrinación	C1
pereza	B2
perfeccionar	C2
perfección	B1
perfectamente	A2
perfecto	A1
perfil	A1
perfume	B1
pergamino	C1
perico	C2
periferia	B2
periodismo	A2
periodista	A2
periodo	A1
perito	C1
periódicamente	B2
periódico	A2
perjudicado	C2
perjudicar	B2
perjudicial	B2
perjuicio	B1
perla	B2
permanecer	B1
permanencia	B1
permanente	A2
permanentemente	B2
permiso	A2
permitir	A2
pero	A1
peronismo	B2
peronista	B2
perpetuar	C2
perpetuo	C2
perra	B1
perras	C1
perrito	B2
perro	A1
persa	B2
persecución	B1
perseguir	B1
perseverancia	B2
persistencia	C2
persistente	B2
persona	A1
personaje	A1
personal	A1
personalidad	A2
personalmente	A2
perspectiva	A2
persuadir	C2
pertenecer	B1
pertenencia	B2
pertinente	B2
peruano	B1
perverso	B2
perímetro	B2
período	A1
pesadilla	B1
pesado	B1
pesar	A1
pesas	B2
pesca	A2
pescado	B1
pescador	B2
pescar	B2
pesimismo	C1
pesimista	B2
peso	A1
pesquero	C2
peste	B2
pete	B2
petición	A2
petróleo	A2
pez	B1
peña	A2
peón	C1
pi	B1
pianista	B2
piano	B1
pib	B1
pibe	B1
pica	B2
picada	B2
picado	B2
picante	B2
picar	C1
pico	A2
pie	A1
piedad	B1
piedra	A1
piel	A1
pierna	B1
pieza	A2
pija	B1
pijama	C1
pila	B1
pilar	B1
pillar	C1
pillo	C1
piloto	A2
pimienta	B1
pinar	C1
pincel	C2
pinche	B1
pineda	C1
pingüino	C2
pino	B1
pinta	A2
pintar	B1
pinto	B1
pintor	B1
pintura	A2
pinza	C2
piola	B2
pionero	B2
pipa	B2
pique	C1
pirata	B1
piratería	B2
pirámide	B2
pis	C1
pisar	B2
piscina	B1
pisco	C2
piso	A1
pista	A2
pistola	B1
pito	B2
pizarra	B2
pizca	C1
pizza	B1
piña	B2
placa	B1
placer	A2
plaga	B2
plagio	C1
plan	A1
plancha	B2
planeado	B1
planear	B2
planeo	C2
planeta	A1
planificar	B2
planilla	C2
plano	A2
planta	A1
plantación	B2
plantar	B2
plantear	B1
plantel	B1
planteo	C2
plantilla	B1
plasma	B2
plata	A1
plataforma	A2
plateado	C2
platicar	C2
platillo	C1
platino	B2
plato	A2
playa	A1
playstation	B2
plaza	A1
plazo	A1
plebiscito	B2
plegaria	C2
pleito	C1
plenamente	B1
plenitud	B2
pleno	A2
pliego	C2
plomo	B1
pluma	B1
plural	B1
pluralidad	B2
plástico	B1
plátano	B2
pnv	C1
poblacional	B2
población	A1
poblado	B1
pobre	A1
pobreza	A1
poco	A1
poder	A1
poderoso	A2
podra	C1
podras	C2
podrido	B2
poema	A2
poesía	A2
poeta	A2
pokémon	B2
polaco	B2
polar	B2
polarización	B2
poli	B2
policial	B1
policía	A1
polla	B1
pollo	A2
polo	B1
polvo	A2
polvos	C1
polémica	B1
polémico	B2
polígono	C2
política	A1
político	A1
poner	A1
pongo	A2
poniente	B2
pontífice	C1
pop	A2
popa	C1
popular	A1
popularidad	B1
populismo	B2
por	A1
porcelana	B2
porcentaje	A2
porción	B1
porfa	C2
porno	A2
pornografía	B2
porque	A1
porquería	B2
porras	C1
porro	B2
portada	A2
portador	B2
portal	A2
portar	C1
portavoz	B1
porte	B2
portero	B1
portería	C2
porteño	B2
portugués	B1
portátil	B2
portón	C2
porvenir	B2
posada	B2
pose	C1
poseer	B1
posesión	A2
posguerra	C1
posibilidad	A1
posible	A1
posiblemente	A2
posición	A1
positivo	A2
postal	B1
poste	B2
postre	B1
postular	C1
postura	A2
potable	B1
potasio	B2
potencia	A2
potencial	A2
potencialmente	B2
potenciar	B2
potente	B1
potestad	B2
potro	C1
pozo	B1
poético	B2
pq	B1
practicar	B1
pradera	C2
prado	B1
precariedad	C1
precario	C2
precaución	B2
precedente	B1
preciado	C1
precio	A1
precioso	B1
precipitación	C1
precisamente	A2
precisión	B1
preciso	B1
precoz	C1
precursor	C2
predecesor	C1
predecible	C2
predecir	B2
predicador	C1
predicar	C1
predicción	B2
predominio	C2
preescolar	C2
prefecto	C1
prefectura	B2
preferencia	B1
preferente	C1
preferible	B2
preferir	C1
preguntar	A2
prehistoria	C2
prejuicio	B2
preliminar	B2
prematuro	C2
premio	A1
premisa	B2
prenda	B2
prender	B2
prensa	A1
preocupación	A2
preocupado	B1
preocupar	C1
preparación	A2
preparar	A2
presa	B1
prescindir	C1
prescripción	B2
presencia	A1
presencial	C1
presentación	A2
presentar	A2
presente	A1
presentimiento	C2
preservación	B2
preservar	B1
presidencia	A2
presidencial	A2
presidenta	A2
presidente	A1
presidir	C2
presionar	B2
presión	A1
preso	B1
prestación	B1
prestar	B1
preste	B2
prestigio	B1
presto	B2
presumir	B2
presunción	B2
presupuesto	A1
pretender	B1
pretensión	C1
pretexto	B1
prevalencia	C2
prevención	B1
prevenir	B1
preventivo	C2
prever	C2
previamente	A2
previo	A2
previsión	B2
previsto	B1
prieto	B2
prima	A2
primarias	B1
primario	B2
primavera	A2
primeramente	C1
primero	A1
primitivo	B2
primo	A2
primordial	B2
princesa	A2
principado	B2
principal	A1
principalmente	A1
principio	A1
prioridad	A2
prioritario	C2
prisa	B1
prisionero	B1
prisión	A2
prisma	C2
privacidad	B1
privación	C1
privado	A1
privatización	B2
privilegio	B1
pro	A1
proa	C1
probabilidad	B1
probable	A2
probablemente	A1
probar	A2
problema	A1
procedencia	B2
procedente	B1
proceder	B1
procedimiento	A2
procesado	B2
procesador	B2
procesal	B2
procesamiento	B1
procesar	B2
procesión	B2
proceso	A1
proclamación	C1
procurador	B1
procuraduría	B2
procurar	C2
producción	A1
producir	A2
productividad	B1
productivo	B1
producto	A1
productor	B1
profecía	B2
profesional	A1
profesión	A2
profesor	A1
profesorado	B2
profeta	B1
profundamente	B1
profundidad	A2
profundizar	B2
profundo	A2
programa	A1
programación	A2
programador	B2
programar	B2
progresista	B1
progresión	C1
progreso	A2
prohibición	B1
prohibido	A2
prohibir	B1
proletariado	C1
proliferación	B2
prolongación	C2
prolongado	B2
prolongar	C2
promedio	A1
promesa	A2
prometedor	C1
prometer	B2
prominente	B2
promocionar	B2
promoción	A2
promotor	B2
promover	A2
promulgación	C2
pronto	A1
pronunciación	B2
pronunciamiento	B2
pronunciar	B2
pronóstico	B2
propagación	B2
propaganda	A2
propiamente	B2
propicio	C2
propiedad	A1
propietario	A2
propina	C1
propio	A1
proponer	B1
proporcional	B1
proporcionar	B1
proporción	B1
proposición	B2
propuesta	A1
propósito	A1
prosa	B2
prosperar	C2
prosperidad	B1
prostitución	B1
protagonismo	B2
protagonista	A2
protección	A1
protector	B1
proteger	A2
protegido	B1
protesta	A2
protestante	C1
protestar	B1
proteína	B2
protocolo	B1
prototipo	B2
provecho	B1
proveedor	B1
proveer	B1
providencia	B2
provincia	A1
provincial	A2
provisional	B1
provisión	B2
provocación	B2
provocar	B1
proximidad	B2
proyección	B1
proyectar	B2
proyecto	A1
prudencia	B2
prudente	B2
prueba	A1
práctica	A1
prácticamente	A2
práctico	B1
préstamo	B1
príncipe	A2
prójimo	B2
prólogo	B2
prórroga	B2
próspero	C1
próstata	C2
prótesis	C1
próximamente	B2
próximo	A1
psicoanálisis	C1
psicología	B1
psicológico	B1
psicólogo	B2
psicópata	C1
psiquiatra	B2
psiquiatría	C1
psiquiátrico	C1
psoe	A2
pub	B2
pubertad	C2
publicación	A1
publicar	A2
publicidad	A2
publicista	C2
publicitario	B2
pueblo	A1
puente	A2
puerco	C1
puerta	A1
puerto	A1
puertorriqueño	B2
pues	A1
puesta	A2
puesto	A1
pulgar	B2
pulido	C1
pulmonar	B2
pulmón	B2
pulpa	C2
pulpo	C1
pulsera	C1
pulso	B1
pum	B2
puma	C1
punk	B2
puno	C1
punta	A2
puntero	C1
punto	A1
puntuación	B2
puntual	B2
puntualmente	C2
puramente	B2
pureza	B2
purga	C2
purificación	C2
puro	A2
puré	C1
puta	A1
putas	A2
puto	A2
puñado	B1
puño	B2
pyme	C2
página	A1
pájaro	B1
pálido	B2
pánico	B1
páramo	C2
párrafo	B1
párroco	B2
pérdida	A1
pésame	C2
pésimo	B2
pío	B2
póliza	C1
pólvora	B2
póster	C2
públicamente	B1
público	A1
púrpura	B2
q	A1
que	A1
quebrado	C1
quebrar	C1
quechua	B2
quedar	A1
quehacer	C2
queja	A2
quejar	C1
quejarse	B2
quejo	B2
quema	B1
quemado	B1
quemar	B1
queme	C2
querella	B2
querer	A1
quesada	C2
queso	A2
quiebra	B1
quiebre	C2
quien	A1
quieto	B2
quilombo	B2
quimioterapia	C2
quince	A2
quincena	B2
quinientos	B2
quintana	B1
quinto	A2
quitar	A2
quite	B2
quizá	A1
quizás	A1
quién	A1
qué	A1
química	A2
químico	B1
r	A1
rabia	B1
rabino	C1
rabo	C1
racha	B2
racial	B2
racional	B1
racionalidad	C2
racismo	B1
racista	B1
ración	C2
radar	B2
radiación	B1
radical	A2
radicalismo	C1
radio	A1
radiodifusión	C1
radiografía	C2
rae	B2
raja	B2
ram	B2
rama	B1
rambla	C1
ramo	B2
ramos	A2
rampa	C1
ramón	A2
rana	B2
rancho	B1
rango	A2
rapero	B2
rapidez	B1
raramente	B2
raro	A1
rascacielos	C1
rasgo	B2
rastrear	B2
rastreo	C1
rastro	B1
rata	B1
ratificación	C1
ratio	C2
rato	A1
ratón	B1
raya	B1
rayo	B1
raza	A2
razonable	B1
razonablemente	C2
razonamiento	B2
razonar	C1
razón	A1
raíz	A2
re	A1
reaccionar	B1
reacción	A2
reactor	B2
real	A1
realeza	C1
realidad	A1
realismo	B2
realista	B1
realización	A2
realizar	A1
realmente	A1
rebaja	B2
rebajar	C2
rebaño	B2
rebelde	B1
rebelión	B1
rebote	C1
recarga	C1
recaudación	B1
recaudar	B2
recepción	B1
receptor	B2
recesión	B2
receso	C1
receta	B1
rechazar	B1
rechazo	A2
recibimiento	C1
recibir	A1
recibo	B1
reciclaje	B2
reciente	A2
recientemente	A2
recinto	B1
recipiente	B2
recital	B2
reclamación	B2
reclamar	B1
reclamo	B1
reclusión	C2
reclutamiento	B2
reclutar	C1
recoger	B1
recolección	B1
recolectar	C1
recomendable	B2
recomendación	B1
recomendar	B2
recompensa	B1
reconciliación	B2
reconocer	A2
reconocimiento	A2
reconquista	C1
reconstrucción	B1
reconstruir	B2
recordar	A1
recordatorio	B2
recorrer	B1
recorrido	A2
recortar	B2
recorte	B2
recreación	B2
recrear	C2
recreo	B2
recta	B1
rectangular	C2
rectificación	C1
rectificar	C1
recto	B2
rector	B1
recuerdo	A1
recuperación	A2
recuperar	A2
recurrente	B2
recurrir	B1
recurso	A2
red	A1
redacción	A2
redactar	B2
redactor	B2
redención	C1
redistribución	C1
redonda	B1
redondo	B2
reducción	A2
reducir	A2
reelección	B1
reembolso	C2
reemplazar	B1
reemplazo	B1
reencuentro	C2
referencia	A1
referendo	C2
referente	B1
referéndum	B1
refinado	C2
refinería	C1
reflejar	B2
reflejo	B1
reflexionar	B1
reflexión	A2
reforma	A1
reformado	C1
reformar	B2
reforzado	C1
reforzar	B1
refresco	B2
refrigeración	C2
refrigerador	C2
refrán	C2
refuerzo	B2
refugiado	C1
refugio	B1
reg	C2
regalado	B2
regalar	B1
regalo	A2
regente	B2
reggae	C1
regimiento	B1
regio	C2
regional	A2
registrar	B1
registro	A1
región	A1
regla	A2
reglamentación	C1
reglamento	A2
regresar	A2
regreso	A2
regulación	B1
regulado	B2
regulador	B2
regular	A2
regularidad	B2
regularmente	B1
rehabilitación	B1
rehén	C1
reina	A1
reinado	B1
reino	A1
reivindicación	B2
reivindicar	C1
reja	C1
relacionado	A2
relacionar	C1
relación	A1
relajación	C2
relajado	B2
relativamente	A2
relativo	B1
relato	A2
relevancia	B1
relevante	B1
relevo	B2
relieve	B1
religioso	A2
religión	A2
reliquia	C2
rellenar	C1
relleno	B1
reloj	A2
relámpago	C1
remate	B1
remedio	B1
remera	B2
remo	C1
remolque	C2
remontar	C2
remordimiento	C2
remoto	B1
remover	B2
remuneración	B2
renacer	C2
renacimiento	B1
renal	B2
rencor	B2
rendición	B2
rendimiento	A2
rendir	B1
renombre	B2
renovable	C1
renovación	B1
renovar	B1
renta	A2
rentabilidad	B2
rentable	B2
renuncia	A2
renunciar	A2
reorganización	B2
reparación	B1
reparar	B1
repartir	B2
reparto	B1
repasar	C1
repaso	B2
repentinamente	B2
repentino	C1
repercusión	B1
repertorio	B2
repetición	B2
repetidamente	B2
repetido	B2
repetir	A2
repleto	B2
reponer	C2
reportaje	B1
reporte	B1
reportero	B2
reposo	B2
represalia	C2
representación	A2
representante	A2
representar	B1
represión	B1
reprimir	B2
reproducción	A2
reproducir	B2
reproductor	C1
republicano	B1
repudio	B2
repuesto	B2
repugnante	B2
reputación	B1
república	A1
requerimiento	B2
requerir	B2
requisito	B1
resaca	B2
resaltar	B1
rescatar	B1
rescate	A2
resentido	C2
resentimiento	B2
reserva	A2
reservado	B1
reservar	B2
reseña	B1
resguardo	C1
residencia	A2
residente	B1
residual	C2
resistencia	A1
resistente	B2
resistir	B1
resolución	A2
resolver	A2
resonancia	B2
respaldar	C1
respaldo	B1
respectivamente	A2
respectivo	B2
respecto	A1
respetable	B2
respetar	A2
respeto	A1
respetuoso	B2
respiración	B1
respirar	B1
respiro	B2
resplandor	C2
responder	A2
responsabilidad	A1
responsable	A1
respuesta	A1
resta	B2
restablecer	B2
restablecimiento	C2
restante	B2
restauración	B1
restaurante	A2
restaurar	B2
restitución	C2
resto	A1
restricción	B2
restringir	C1
resucitar	C2
resultado	A1
resultante	B2
resultar	B1
resumen	A2
resumir	B2
resurrección	B2
retablo	C1
retención	B2
retener	B2
retirada	B1
retirar	B1
retiro	A2
reto	A2
retomar	B2
retornar	C2
retorno	B1
retrasado	B2
retrasar	C1
retraso	B1
retrato	B1
retribución	C1
retroceder	B2
retroceso	B2
retrospectiva	C1
retórica	B1
reunir	B1
reunión	A1
revancha	B2
revelación	B1
revelar	B1
reventar	B2
reverendo	B2
reverso	C1
revertir	B2
revisar	A2
revisión	A2
revista	A1
revivir	B2
revocación	C1
revocar	B2
revolucionario	B1
revolución	A1
revolver	C2
revuelo	C1
revuelta	B1
revés	B1
revólver	C2
rey	A1
rezar	B2
rezo	C1
reír	B1
ribera	B1
rica	A1
rico	A1
ridículo	A2
riego	B2
riesgo	A1
rifle	B2
rigor	B2
riguroso	C1
rima	B2
rincón	B1
ring	B2
rio	A2
rioja	B1
riqueza	A2
risa	A2
ritmo	A2
rito	B2
ritual	B1
rival	B1
rivalidad	B2
riñón	B2
rn	C1
robar	A2
roble	B2
robledo	C2
robo	A2
robot	B1
robusto	C2
roca	A2
roce	C2
rock	A2
rocío	B2
rodaje	B2
rodar	B2
rodeo	B2
rodilla	B1
rogar	C2
rojas	A2
rojo	A1
rol	A2
rollo	B1
rom	B2
romance	B1
romano	B1
romanticismo	B2
romero	B1
romo	C2
rompecabezas	B2
romper	A2
romántico	B1
ron	B1
ronda	A2
ropa	A1
rosa	A2
rosada	C1
rosado	B2
rosales	B2
rosario	A2
rosas	B1
rosca	C2
rostro	A2
rotación	B2
rotonda	C1
rotundo	C1
rotura	C1
rss	C2
rubio	B1
rubro	B2
rudo	C1
rueda	A2
ruego	B1
ruido	A2
ruina	B2
ruleta	C2
rumano	C2
rumbo	A2
rumor	B1
ruptura	B1
rural	A2
ruso	A2
ruta	A2
rutina	B1
rápidamente	A2
rápido	A1
régimen	A1
réplica	B2
ría	B2
rígido	C1
río	A1
s	A1
sabana	B2
saber	A1
sabiduría	B1
sabina	C1
sabio	B1
sable	C1
sabor	A2
sabotaje	C1
sabroso	B2
saca	A2
sacar	A1
sacerdote	B1
saco	A2
sacramento	B2
sacrificar	B2
sacrificio	B1
safari	C2
saga	B1
sagrado	B1
sal	A2
sala	A1
salado	B2
salarial	B2
salario	A2
saldo	B1
salgado	C1
salida	A1
saliente	B2
salinas	B1
salir	A1
saliva	B2
salmo	C2
salmón	C1
salsa	A2
salta	A2
saltado	C2
saltar	B1
saltillo	C1
salto	A2
salud	A1
saludable	B1
saludar	B1
saludo	A2
salvación	B1
salvador	A2
salvadoreño	C2
salvaje	B1
salvar	A2
salvavidas	C2
salve	B2
salvo	A1
salón	A2
same	C1
sanar	C1
sanatorio	C2
sancionar	B2
sanción	B1
saneamiento	B2
sangrado	C2
sangre	A1
sangriento	C1
sanguíneo	C1
sanidad	A2
sanitario	B1
sano	B1
santidad	B2
santo	A1
santos	A2
santuario	B1
sapo	B2
saque	B1
saqueo	B2
sarcasmo	B1
sargento	B1
sarmiento	B1
sartén	C1
sastre	C1
satanás	B2
satelital	C1
satisfacción	B1
satisfacer	B1
satisfactorio	C1
satisfecho	B1
saturación	C1
satélite	B1
sauce	C2
saudita	B2
saudí	B2
scout	C2
se	A1
secar	C1
sección	A1
secesión	C2
seco	B1
secretamente	C1
secretario	A1
secretaría	A2
secreto	A2
secta	B2
sector	A1
sectorial	C2
secuela	B2
secuencia	B1
secuestrar	B2
secuestro	B1
secular	B2
secundario	B1
sed	B1
seda	B1
sede	A1
seducción	C2
seducir	C1
segmento	B1
segregación	C1
seguidamente	B2
seguidor	B2
seguir	A1
segundo	A1
seguramente	A2
seguridad	A1
seguro	A1
seguí	B1
según	A1
seis	A1
seleccionar	B2
selección	A1
selectivo	C2
sellado	B2
sello	B1
selva	B1
semana	A1
semanal	B1
semanalmente	C2
semanario	B2
sembrar	B2
semejante	B1
semejanza	B2
semen	B2
semestre	B1
semifinal	B2
semilla	B1
seminario	B1
semáforo	B2
senado	A2
senador	A2
sencillamente	B1
sencillez	B2
sencillo	A2
senda	B2
sendero	B1
senior	B2
seno	B1
sensacional	C2
sensación	A2
sensato	B2
sensibilidad	B1
sensible	A2
sensor	C1
sensual	B2
sensualidad	C2
sentar	B2
sentencia	A2
sentido	A1
sentimental	B1
sentimiento	A2
sentir	A1
seo	B2
separación	A2
separado	B1
separar	B1
septentrional	C2
septiembre	A1
sepulcro	C1
sepultura	C2
sequía	B2
ser	A1
serbia	B1
serbio	B2
serenidad	C1
sereno	C2
serial	C2
seriamente	B1
serie	A1
seriedad	B1
serio	A1
sermón	B2
serpiente	B1
serrano	B1
servicio	A1
servidor	B1
servidumbre	C2
servir	A2
sesenta	B1
sesgo	C1
sesión	A2
setenta	B1
seudónimo	B2
severamente	C1
severidad	C2
severo	B2
sexenio	C1
sexo	A1
sexto	B1
sexual	A1
sexualidad	B1
sexualmente	B2
sexy	B1
seña	C2
señal	A2
señalar	B1
señalización	C2
señor	A1
señora	A1
señorita	B1
señoría	B2
señorío	C1
shah	C2
shell	C1
si	A1
sic	B2
sida	B1
siembra	B2
siempre	A1
sierra	A2
siervo	C2
siesta	B2
siete	A1
siglo	A1
significado	A2
significar	B1
significativamente	B1
signo	B1
siguiente	A1
silenciar	C2
silencio	A1
silencioso	B2
silla	A2
sillón	B2
silueta	C1
silvestre	B2
simbolismo	C1
simbólico	B2
similar	A1
similitud	C1
simpatía	B2
simple	A1
simplemente	A1
simplicidad	C1
simplificar	C2
simposio	C2
simpático	B2
simulación	B2
simulacro	C1
simular	C2
simultáneamente	B1
sin	A1
sinceramente	B1
sinceridad	B1
sincero	B1
sindical	B1
sindicalista	C2
sindicato	A2
sinfonía	C1
single	B2
singular	B1
singularidad	C2
siniestra	C1
siniestro	B2
sino	A1
sinopsis	B2
sintaxis	C2
sintonía	C1
sintético	C2
sinvergüenza	C2
sinónimo	B1
siquiera	A1
sirena	B2
siria	A2
sirio	B2
sismo	B2
sistema	A1
sistemática	B1
sistemático	B2
sitio	A1
situación	A1
situar	C2
sl	C1
sms	B2
soberano	B1
soberanía	A2
soborno	C1
sobra	B1
sobre	A1
sobrecarga	C2
sobredosis	C1
sobrenombre	C2
sobrepeso	C2
sobresaliente	B2
sobretodo	B1
sobreviviente	B2
sobrevivir	A2
sobrino	B1
sobrio	C2
social	A1
socialdemócrata	C2
socialismo	B1
socialista	A2
socialización	C2
socialmente	B2
sociedad	A1
socio	A2
socioeconómico	C2
sociología	B1
sociólogo	C1
socorro	B1
soda	B2
sodio	B2
software	A2
sofá	B1
soga	C1
soja	B2
sol	A1
solamente	A1
solar	A2
soldado	A2
soleado	C2
soledad	A2
solemne	B2
soler	C1
solicitante	C1
solicitar	B1
solicitud	A2
solidaridad	A2
solidario	B2
solidez	C2
solista	B2
solitario	B1
solo	A1
soltar	B1
soltero	B1
solucionar	B1
solución	A1
sombra	A2
sombrero	B1
sombrío	C1
someter	B2
sonar	B1
sonda	B2
sondeo	C1
sonido	A2
sonoro	C1
sonreír	B2
sonriente	C1
sonrisa	A2
sopa	B1
soportar	B1
soporte	B1
sor	B2
sordo	B2
soriano	C2
sorprendente	B1
sorprender	B2
sorpresa	A2
sortear	C1
sorteo	B1
sosa	B2
sospecha	B1
sospechar	B2
sospecho	B2
sospechoso	B1
sostener	B1
sostenibilidad	B2
sostenible	B1
sostén	C1
soto	B1
soul	C1
soviético	B2
soñado	B2
soñar	B1
spot	B2
stock	B2
su	A1
suave	A2
suavemente	B2
suavidad	C1
subasta	B2
subconsciente	C2
subida	B1
subir	A2
subjetivo	B2
sublevación	C2
sublime	B2
submarino	B2
subrayar	C2
subsidio	B1
subsuelo	C1
subte	C2
subterráneo	B2
subvención	B2
subyacente	C1
suceder	B1
sucesivamente	B2
sucesión	B1
suceso	B1
sucesor	B1
suciedad	C1
sucio	B1
sucursal	B2
sud	B2
sudamericano	B2
sudeste	B1
sudor	B2
sueco	B2
suegra	B2
suegro	B2
sueldo	A2
suelo	A1
suelta	B1
suelto	B1
suero	B2
suerte	A1
sueño	A1
suficiente	A1
suficientemente	A2
sufragio	B2
sufrimiento	B1
sufrir	A2
sugerencia	B1
sugerir	B2
suicida	B1
suicidio	B1
suite	B2
suiza	A2
suizo	B2
sujeto	A2
sultán	C1
suma	A2
sumamente	B1
sumar	B1
suministrar	C1
suministro	B1
sumisión	B2
sumo	B1
superación	B2
superar	A2
superficial	B1
superficie	A2
superhéroe	C2
superintendencia	C1
superintendente	C1
superior	A1
superioridad	B2
supermercado	B1
supervisar	B2
supervisión	B1
supervisor	B2
supervivencia	B1
suplemento	B2
suplente	B2
suponer	B1
suposición	B2
supremacía	C1
supremo	A2
supresión	B2
suprimir	B2
supuestamente	A2
supuesto	A1
sur	A1
sureste	B1
surf	B2
surgir	B1
suroeste	B2
surrealista	C1
suscripción	B2
sushi	B2
suspender	B1
suspensión	B1
suspiro	B2
sustancia	B1
sustantivo	C2
sustentable	B2
sustento	B2
sustitución	B1
sustituir	B1
sustituto	B2
susto	B2
sutil	B2
suyo	A2
sábado	A1
sábana	C2
sándwich	C2
sátira	B2
séptimo	B1
sí	A1
símbolo	A2
síndrome	B1
síntesis	B1
síntoma	B2
sólido	B1
sólo	A1
sótano	B2
súper	A2
t	A1
ta	B1
tabaco	B1
taberna	C1
tabla	A2
tablero	B1
tabú	C1
taco	B2
tacto	B2
tajo	B2
tal	A1
tala	C1
talento	A2
talentoso	C1
talla	B1
taller	A2
tallo	C1
talón	C2
tamaño	A1
también	A1
tambor	B2
tampoco	A1
tan	A1
tanda	C1
tangible	C2
tango	B2
tanque	B1
tanto	A1
tapa	B1
tapado	C2
tapar	B2
tapia	B2
taquilla	B2
tara	C1
tarado	C1
tardar	B2
tarde	A1
tardo	C1
tardío	C1
tarea	A1
tarifa	B1
tarjeta	A2
tarta	B2
tasa	A2
tata	C1
tatuaje	B2
taxi	A2
taxista	B2
taza	B1
teatral	B1
teatro	A1
techo	A2
tecla	C1
teclado	B1
tecnología	A1
tecnológico	B1
tejada	C2
tejado	B2
tejas	C1
tejido	B1
tela	B1
tele	B1
telefónico	B2
telegrama	B2
telenovela	B2
telescopio	C1
televisión	A1
televisor	B2
tell	C2
teléfono	A1
telón	B2
tema	A1
temblar	B2
temblor	B2
temer	B1
temible	C2
temor	A2
temperamento	C1
temperatura	A2
tempestad	C2
templado	C1
temple	B2
templo	A2
tempo	C2
temporada	A1
temporal	A2
temporalmente	B1
temprano	A2
temático	C2
tendencia	A2
tender	C1
tenedor	B2
tener	A1
tenia	A2
teniente	A2
tenis	B1
tenor	B2
tensión	A2
tenso	C1
tentación	B2
tentativa	C1
teología	B1
teoría	A1
tequila	B2
terapeuta	C1
terapia	B1
terapéutico	C1
tercero	A2
terciario	C2
tercio	B1
terciopelo	C2
terminación	B2
terminal	B1
terminar	A1
terminología	B2
termo	C2
ternera	C2
ternura	B2
terraza	B2
terremoto	B1
terreno	A1
terrestre	B1
terrible	A2
terriblemente	B2
territorial	B1
territorio	A1
terror	A2
terrorismo	B1
terrorista	B1
tertulia	C1
tesis	A2
tesla	B2
tesorero	C1
tesorería	C2
tesoro	A2
test	B1
testamento	B1
testigo	A2
testimonio	A2
teta	C1
textil	B2
texto	A1
textura	B2
teórico	B2
tiburón	B2
ticket	C1
tiempo	A1
tienda	A1
tierno	B2
tierra	A1
tigre	B1
timbre	B2
timo	C2
timón	C1
tina	B2
tinta	B1
tinto	B2
tipo	A1
tipografía	C2
tira	A2
tirada	B2
tirado	B1
tirador	C2
tirano	B2
tiranía	B2
tirar	A2
tiro	A2
tiroteo	B1
tirón	C1
tito	B2
titular	A2
toalla	B2
tobillo	B2
toc	C1
tocar	A2
tocino	C2
toco	B1
todavía	A1
todo	A1
todopoderoso	C1
tolerancia	B1
tolerante	C1
tolerar	B2
tomar	A1
tomate	B1
tomé	B1
tonelada	C1
tono	A2
tontería	B1
tonto	A2
tope	B1
topo	B2
topografía	C2
toque	A2
torero	C1
tormenta	A2
tornado	C1
torneo	A2
tornillo	C1
torno	A2
toro	B1
torpe	B2
torre	A2
torrente	B2
torreón	C1
torso	C2
torta	B1
tortilla	B2
tortuga	B2
tortura	B1
tos	B2
tostado	C2
total	A1
totalidad	A2
totalmente	A1
tour	B1
toxicidad	C2
traba	B2
trabajador	A2
trabajar	A1
trabajo	A1
tracción	B2
tractor	C2
tradicional	A2
tradicionalmente	B1
tradición	A2
traducción	A2
traducir	B1
traductor	B1
traer	A2
traga	C1
tragar	B2
tragedia	B1
trago	B2
traicionar	C2
traición	B1
traidor	B1
traje	A2
trama	B1
tramitación	C1
tramitar	C2
tramo	B1
trampa	B1
trance	C1
tranquilamente	B2
tranquilidad	B1
tranquilo	A2
trans	B1
transacción	B2
transcripción	B2
transferencia	B1
transferir	B2
transformación	A2
transformar	B1
transición	A2
transitar	C2
transmisión	A2
transmitir	B1
transparencia	A2
transparente	B1
transportar	B2
transporte	A1
transversal	B2
tranvía	C1
trapo	B2
tras	A1
trascendencia	B2
trascendental	C2
trasero	B1
trasfondo	B2
trasladar	B2
traslado	B1
trasplante	B2
trastorno	B1
tratado	A1
tratamiento	A1
tratar	A1
trato	A2
trauma	B2
travesía	B2
través	A1
trayecto	B1
trayectoria	B1
traza	B2
trazado	B2
trazar	B2
traído	B1
trece	B1
tregua	B2
treinta	A2
tremendamente	B2
tremendo	B1
tren	A2
tres	A1
trescientos	C1
triangular	C2
tribal	C1
tribu	B1
tribuna	B2
tribunal	A1
tributario	B2
tributo	B1
tricolor	C1
trigo	B1
trilogía	B2
trimestre	B1
trinchera	C2
triple	B1
tripulación	B1
triste	A1
tristemente	B2
tristeza	A2
triunfar	B2
triunfo	A2
trivial	C1
triángulo	B2
trofeo	B2
trompeta	C1
tronco	B1
trono	B1
tropa	B1
tropical	B1
trozo	B1
trucha	C2
truco	B1
trueno	C1
tráfico	A2
trágico	B2
tráiler	B2
trámite	B1
tránsito	A2
trío	B2
tsunami	B2
tu	A1
tuberculosis	B2
tubería	B2
tubo	B1
tuit	B1
tuitear	B2
tumba	B1
tumor	B2
turba	C1
turbio	C2
turbo	B2
turco	B1
turismo	A2
turista	B2
turno	A2
tutela	B2
tutor	B2
tutorial	B2
tuya	A2
tuyo	A2
táctico	C1
té	B1
técnica	A1
técnico	A2
térmico	C2
término	A1
tía	A2
tímido	B2
tío	A2
típicamente	B2
típico	A2
título	A1
tópico	C1
tóxico	B2
tú	A1
túnel	B1
túnica	C1
u	A1
ua	C1
ubicación	A2
ubicar	B2
ucraniano	B2
uf	B2
ultimo	B1
ultra	B1
ultramar	C1
umbral	B2
un	A1
unanimidad	B2
uni	B2
unicef	C1
unidad	A1
unido	A1
unificación	B2
unificado	C2
unificar	C1
uniforme	A2
unir	B1
unitario	C1
universal	A2
universidad	A1
universo	A2
unión	A1
uno	A1
unánime	B2
ups	B2
uranio	B2
urbanismo	B2
urbanización	B2
urbano	A2
urbe	C2
urgencia	B1
urgente	A2
urna	B2
uruguayo	B1
usar	A1
usb	B2
uso	A1
usted	A1
ustedes	A1
usual	B2
usualmente	B1
usuario	A1
utilidad	B1
utilización	B1
utilizar	A2
utopía	B2
uva	B2
uy	B2
uña	B2
v	A1
vaca	B1
vacante	B2
vacuna	B1
vacunación	B2
vacuno	C2
vacío	A2
vagina	B2
vago	B1
vagón	C1
vaina	B1
vainilla	B2
val	B2
valenciano	B2
valentía	B1
valer	B1
validación	C1
validar	C2
validez	B1
valido	B2
valiente	A2
valioso	B1
valla	B2
valle	A2
valor	A1
valoración	B1
valorar	B1
vals	C2
vampiro	B2
vandalismo	C1
vanguardia	B1
vanidad	C1
vano	B1
vapor	B1
vaquero	C2
vara	B2
variable	B1
variación	B1
variante	B2
variar	B1
variedad	A2
varios	A1
varón	B1
vasco	B1
vaso	B1
vasto	C1
vecindad	C2
vecindario	B1
vecino	A2
vector	C1
vega	B1
vegetación	B2
vegetal	B1
vegetariano	C2
vehicular	B2
vehículo	A2
veinte	A2
veinticinco	B2
veinticuatro	C1
vejez	B2
vejiga	C2
vela	B1
velada	B2
velar	B2
vello	C2
velo	B2
velocidad	A1
veloz	B2
vena	B2
venado	C2
vencedor	B2
vencer	B1
vencida	B2
vencimiento	B2
venda	B2
vendedor	B1
vender	A2
vendo	B2
veneno	B1
venezolano	A2
venganza	B1
vengar	C2
venida	C2
venir	A1
venta	A1
ventaja	A2
ventana	A2
ventanilla	B2
ventilación	B2
ventilador	B2
ver	A1
vera	B1
veracidad	B2
verano	A1
veras	B1
veraz	C2
verbal	B2
verbo	B1
verdad	A1
verdaderamente	A2
verdadero	A1
verde	A1
verdugo	C1
verdura	C1
vereda	B2
veredicto	B2
verga	A2
vergas	C2
vergonzoso	B1
vergüenza	A2
verificación	B2
verificar	B1
verme	B1
versión	A1
verso	B1
vertebral	C1
vertical	B1
vertiente	B2
vertientes	C2
verónica	B2
vestido	A2
vestimenta	B2
vestir	B1
vestuario	B1
vestíbulo	B2
veterano	B2
veterinaria	B2
veterinario	B2
veto	C1
vez	A1
viable	B2
viajar	A2
viaje	A1
viajero	B2
vial	B1
vialidad	C1
vibra	C2
vibración	C2
vibrante	C1
vicario	B2
vicepresidente	A2
viceversa	B2
vicio	B1
vicioso	C1
victoria	A1
victorioso	C2
vicuña	C2
vid	B2
vida	A1
videoclip	B2
videojuego	B2
vidrio	B1
viejo	A1
viento	A2
vientre	B1
viernes	A1
vietnamita	C2
vigencia	B1
vigente	B1
vigilancia	A2
vigilante	B2
vigilar	B1
vigilia	C1
vigor	B1
vigésimo	C1
vih	B1
vil	B2
villa	A1
villano	B2
villar	B2
vinagre	B2
vinculación	B2
vinculante	C2
vincular	C1
vino	A1
viola	B1
violación	A2
violador	B2
violar	B1
violencia	A1
violentamente	B2
violento	B1
violeta	B2
violín	B2
vip	B2
viral	B1
virgen	A2
virginidad	B2
virreinato	C1
virrey	B2
virtual	A2
virtualmente	B2
virtud	B1
virus	A2
visa	B1
visado	C2
visibilidad	B2
visible	B1
visita	A1
visitante	B1
visitar	A2
visión	A1
vista	A1
vistazo	B1
visual	B1
visualización	B2
vital	B1
vitalidad	B2
vitamina	B2
viuda	B1
vivienda	A2
viviente	B2
vivir	A1
vivo	A1
viña	B1
viñeta	C2
vió	B1
vocabulario	B1
vocación	B1
vocal	B2
vodka	B2
volador	C2
volante	B1
volar	B1
volcán	B1
voleibol	C2
voltaje	C1
volumen	A2
voluntad	A1
voluntario	B1
volver	A1
vomitar	B2
vos	A1
vosotras	B2
vosotros	A2
votación	A2
votada	C2
votante	C1
votar	A1
voto	A1
voz	A1
vuelo	A2
vuelta	A1
vuestro	A2
vulgar	B2
vulnerabilidad	B2
vulnerable	B2
válido	B1
válvula	B2
vértigo	C1
vía	A1
víctima	A2
vídeo	A1
vínculo	B1
víspera	B2
vísperas	B2
víveres	C2
w	A2
water	B2
wea	C1
weber	C2
western	B2
wey	B1
whisky	B2
wiki	B2
won	C1
x	A1
xenofobia	B2
xp	C2
xq	B2
y	A1
ya	A1
yacimiento	B2
yanqui	C2
yate	C2
ye	C1
yegua	C1
yerba	B2
yerno	B2
yeso	B2
yo	A1
yoga	B2
yogur	C2
yuan	C1
yuca	C1
yugo	C2
z	B1
zanahoria	C1
zanja	C2
zapata	B2
zapatero	B2
zapato	B2
zar	B2
zen	C2
zinc	C1
zona	A1
zoo	B2
zoológico	B2
zorra	B1
zorro	B2
zumo	B2
zurdo	C1
zócalo	B2
á	B1
ácido	B1
ágil	C1
águila	B1
águilas	B2
álbum	A2
álgebra	C2
ámbito	A2
ángel	A2
ángeles	A2
ángulo	B1
ánimo	A2
ápice	C1
árabe	A2
árbitro	B1
árbol	A2
área	A1
ártico	C1
ático	C1
átomo	C2
él	A1
énfasis	B1
épico	B2
época	A1
ése	B1
éste	A1
ética	A2
ético	B2
étnico	B2
éxito	A1
éxodo	B2
éxtasis	C1
ídolo	B2
índice	A2
índole	B2
íntegro	C2
íntimo	B2
óleo	C2
ómnibus	C1
ópera	B1
óptico	C2
óptimo	C1
órbita	B2
órgano	A2
óxido	C1
últimamente	A2
último	A1
únicamente	A2
único	A1
útero	B2
útil	A2
